activity_name,scene0,scene1,scene2,quality_checked,currently_assigned,alltime_assigned,upworker,mistakes,stats
adding chemicals to hot tub,hotel_gym_spa,Merom_0_garden,house_single_floor,1,0,1,Malik,0,12
adding chemicals to lawn,Beechwood_0_garden,Pomaria_0_garden,house_single_floor,1,0,1,Malik,0,#REF!
adding chemicals to pool,hotel_gym_spa,house_single_floor,Wainscott_1_int,1,0,1,Malik,0,1000
adding fabric softener,Beechwood_0_garden,house_double_floor_lower,Wainscott_1_int,1,0,1,Malik,0,
applying pesticides,Wainscott_0_garden,house_double_floor_lower,Merom_0_garden,1,0,1,Malik,0,
arranging home,Pomaria_0_int,Pomaria_2_int,Rs_int,1,1,1,Johanna,0,
assembling furniture,house_single_floor,Wainscott_0_garden,Wainscott_0_int,1,0,1,Johanna,0,
attach a camera to a tripod,house_double_floor_upper,house_single_floor,,1,0,1,Adriel,0,
bag groceries,grocery_store_cafe,grocery_store_asian,grocery_store_convenience,1,0,1,Adriel,0,
baking cookies for the PTA bake sale,Wainscott_0_garden,Wainscott_0_int,,1,0,1,Elizabeth,0,
baking sugar cookies,Wainscott_0_garden,Wainscott_0_int,,1,0,1,Elizabeth,0,
boil water,restaurant_brunch,house_double_floor_lower,Beechwood_0_garden,1,0,1,Kristin,0,
boil water in the microwave,Beechwood_0_int,Pomaria_1_int,Wainscott_0_garden,1,0,1,Kristin,0,
bottling wine,restaurant_asian,Benevolence_1_int,restaurant_urban,1,0,1,Kristin,0,
boxing food after dinner,restaurant_brunch,restaurant_urban,restaurant_asian,1,0,1,Adriel,0,
brewing coffee,Wainscott_0_garden,Wainscott_0_int,,1,0,1,Elizabeth,0,
bringing glass to recycling,Ihlen_1_int,restaurant_cafeteria,restaurant_hotel,1,0,1,Adriel,0,
bringing in kindling,house_single_floor,,,1,0,1,Adriel,0,
bringing in mail,house_single_floor,house_double_floor_lower,Rs_int,1,0,1,Adriel,0,
bringing laundry,Merom_0_garden,house_single_floor,Beechwood_0_int,1,0,1,Elizabeth,0,
bringing newspaper in,hall_conference_large,Wainscott_1_int,Pomaria_1_int,1,0,1,Adriel,0,
bringing paper to recycling,house_single_floor,office_large,office_cubicles_right,1,0,1,Adriel,0,
bringing water,restaurant_diner,restaurant_hotel,office_large,1,0,1,Adriel,0,
buy a air conditioner,grocery_store_asian,,,1,1,1,Iqbal,0,
buy a belt,grocery_store_convenience,,,1,0,1,Adriel,0,
buy a good avocado,grocery_store_asian,grocery_store_cafe,grocery_store_convenience,1,0,1,Adriel,0,
buy a keg,grocery_store_asian,grocery_store_cafe,grocery_store_convenience,1,0,1,Adriel,0,
buy a microwave oven,grocery_store_asian,grocery_store_cafe,grocery_store_convenience,1,1,1,Iqbal,0,
buy alcohol,grocery_store_asian,grocery_store_cafe,grocery_store_convenience,1,0,1,Adriel,0,
buy and clean mussels,Rs_int,restaurant_hotel,Pomaria_1_int,1,0,1,Tess,0,
buy basic garden tools,grocery_store_convenience,grocery_store_half_stocked,grocery_store_asian,1,0,1,Adriel,0,
buy boxes for packing,grocery_store_convenience,grocery_store_half_stocked,grocery_store_asian,1,0,1,Adriel,0,
buy candle making supplies,grocery_store_convenience,grocery_store_half_stocked,grocery_store_asian,1,0,1,Adriel,0,
buy dog food,grocery_store_convenience,grocery_store_half_stocked,grocery_store_asian,1,0,1,Adriel,0,
buy eggs,grocery_store_convenience,grocery_store_half_stocked,grocery_store_asian,1,0,1,Adriel,0,
buy fish,grocery_store_convenience,grocery_store_half_stocked,grocery_store_asian,1,0,1,Adriel,0,
buy food for a party,grocery_store_convenience,grocery_store_half_stocked,grocery_store_asian,1,0,1,Kristin,0,
buy food for camping,grocery_store_convenience,grocery_store_half_stocked,grocery_store_asian,1,0,1,Kristin,0,
buy food for vegetarians,grocery_store_convenience,grocery_store_half_stocked,grocery_store_asian,1,0,1,Kristin,0,
buy good chocolate,grocery_store_convenience,grocery_store_half_stocked,grocery_store_asian,1,0,1,Kristin,0,
buy home use medical supplies,grocery_store_convenience,grocery_store_half_stocked,grocery_store_asian,1,0,1,Kristin,0,
buy meat from a butcher,grocery_store_convenience,grocery_store_half_stocked,grocery_store_asian,1,0,1,Kristin,0,
buy mulch,grocery_store_convenience,grocery_store_half_stocked,grocery_store_asian,1,0,1,Kristin,0,
buy natural beef,grocery_store_convenience,grocery_store_half_stocked,grocery_store_asian,1,0,1,Kristin,0,
buy natural supplements,grocery_store_convenience,grocery_store_half_stocked,grocery_store_asian,1,0,1,Kristin,0,
buy pet food for less,grocery_store_convenience,grocery_store_half_stocked,grocery_store_asian,1,0,1,Kristin,0,
buy rechargeable batteries,grocery_store_convenience,grocery_store_half_stocked,grocery_store_asian,1,0,1,Kristin,0,
buy salad greens,grocery_store_convenience,grocery_store_half_stocked,grocery_store_asian,1,0,1,Kristin,0,
buy school supplies,grocery_store_convenience,grocery_store_half_stocked,grocery_store_asian,1,0,1,Kristin,0,
buy school supplies for high school,grocery_store_convenience,grocery_store_half_stocked,grocery_store_asian,1,0,1,Kristin,0,
buy used gardening equipment,grocery_store_convenience,grocery_store_half_stocked,grocery_store_asian,1,0,1,Kristin,0,
buying cleaning supplies,grocery_store_convenience,grocery_store_half_stocked,grocery_store_asian,1,0,1,Kristin,0,
buying everyday consumer goods,grocery_store_convenience,grocery_store_half_stocked,grocery_store_asian,1,0,1,Kristin,0,
buying fast food,grocery_store_convenience,grocery_store_half_stocked,grocery_store_asian,1,0,1,Kristin,0,
buying gardening supplies,grocery_store_convenience,grocery_store_half_stocked,grocery_store_asian,1,0,1,Kristin,0,
buying groceries,grocery_store_convenience,grocery_store_half_stocked,grocery_store_asian,1,0,1,Kristin,0,
buying groceries for a feast,grocery_store_convenience,grocery_store_half_stocked,grocery_store_asian,1,0,1,Johanna,0,
buying office supplies,grocery_store_convenience,grocery_store_half_stocked,grocery_store_asian,1,0,1,Johanna,0,
buying postage stamps,grocery_store_convenience,grocery_store_half_stocked,grocery_store_asian,1,0,1,Johanna,0,
can beans,Beechwood_0_garden,house_single_floor,Wainscott_0_int,1,0,1,Elizabeth,0,
can fruit,Beechwood_0_garden,house_single_floor,Wainscott_0_int,1,0,1,Elizabeth,0,
can meat,restaurant_urban,restaurant_cafeteria,house_single_floor,1,0,1,Elizabeth,0,
can syrup,Wainscott_0_garden,Rs_int,restaurant_hotel,1,0,1,Elizabeth,0,
can vegetables,restaurant_cafeteria,house_double_floor_lower,Rs_garden,1,0,1,Elizabeth,0,
canning food,Wainscott_0_int,restaurant_asian,restaurant_hotel,1,0,1,Elizabeth,0,
carrying in groceries,Wainscott_0_garden,Rs_garden,house_double_floor_lower,1,0,1,Elizabeth,0,
carrying out garden furniture,Pomaria_0_garden,Rs_garden,Wainscott_0_garden,1,0,1,Elizabeth,0,
carrying water,house_single_floor,Wainscott_0_garden,,1,0,1,Elizabeth,0,
changing bulbs,house_single_floor,Wainscott_0_garden,,1,0,1,Elizabeth,0,
changing dog's water,Merom_0_garden,Merom_0_int,Wainscott_1_int,1,0,1,Elizabeth,0,
changing light bulbs,house_single_floor,Wainscott_0_garden,,1,0,1,Kristin,0,
changing sheets,Rs_garden,Wainscott_0_garden,house_single_floor,1,0,1,Elizabeth,0,
chlorinating the pool,hotel_gym_spa,house_single_floor,Pomaria_0_garden,1,0,1,Elizabeth,0,
chop an onion,house_double_floor_lower,restaurant_asian,restaurant_urban,1,0,1,Elizabeth,0,
chopping wood,Pomaria_0_garden,Merom_0_garden,house_double_floor_lower,1,0,1,Adriel,0,
clean a air conditioner,restaurant_cafeteria,,,1,0,1,Elizabeth,0,
clean a backpack,house_single_floor,Wainscott_1_int,Merom_0_int,1,0,1,Kristin,0,
clean a baking stone,house_double_floor_lower,house_single_floor,grocery_store_cafe,1,0,1,Adriel,0,
clean a baseball glove,house_double_floor_lower,Beechwood_0_garden,Merom_0_garden,1,0,1,Johanna,0,
clean a beer keg,Rs_garden,Rs_int,Pomaria_1_int,1,0,1,Johanna,0,
clean a bicycle chain,Wainscott_1_int,Beechwood_0_garden,Pomaria_1_int,1,0,1,Johanna,0,
clean a birdcage,Beechwood_0_int,Wainscott_1_int,Pomaria_1_int,1,0,1,Johanna,0,
clean a blender,house_double_floor_lower,,,1,0,1,Johanna,0,
clean a book,Rs_int,Pomaria_1_int,Merom_0_int,1,0,1,Johanna,0,
clean a bowling ball,Beechwood_0_int,Wainscott_1_int,Pomaria_1_int,1,0,1,Johanna,0,
clean a box fan,Wainscott_0_int,Ihlen_1_int,Beechwood_1_int,1,0,1,Johanna,0,
clean a broiler pan,restaurant_asian,restaurant_brunch,restaurant_hotel,1,0,1,Adriel,0,
clean a camera lens,Beechwood_0_int,Beechwood_0_garden,house_single_floor,1,0,1,Johanna,0,
clean a candle jar,Wainscott_0_int,Merom_1_int,Rs_int,1,0,1,Johanna,0,
clean a chicken coop,Merom_0_garden,Pomaria_0_garden,Rs_garden,1,0,1,Adriel,0,
clean a coffee maker,grocery_store_cafe,Wainscott_0_garden,Wainscott_0_int,1,0,1,Adriel,0,
clean a company office,office_bike,office_large,,1,0,1,Johanna,0,
clean a computer monitor,office_bike,office_vendor_machine,school_computer_lab_and_infirmary,1,0,1,Johanna,0,
clean a couch,house_double_floor_lower,Merom_0_garden,Beechwood_0_garden,1,0,1,Johanna,0,
clean a crab,restaurant_brunch,Rs_garden,restaurant_cafeteria,1,0,1,Johanna,0,
clean a dirty baseball,school_gym,Rs_garden,Merom_0_garden,1,0,1,Johanna,0,
clean a dirty tent,house_double_floor_lower,Pomaria_0_garden,Beechwood_0_int,1,0,1,Adriel,0,
clean a drain,Pomaria_1_int,restaurant_asian,restaurant_brunch,1,0,1,Adriel,0,
clean a faucet,restaurant_diner,restaurant_urban,Wainscott_0_int,1,0,1,Adriel,0,
clean a felt pool table top,Wainscott_1_int,,,1,0,1,Kristin,0,
clean a fence,Merom_0_garden,Pomaria_0_garden,Rs_garden,1,0,1,Adriel,0,
clean a fish,house_double_floor_lower,Benevolence_1_int,Beechwood_0_int,1,0,1,Adriel,0,
clean a flat iron,house_single_floor,,,1,0,1,Johanna,0,
clean a flat panel monitor,office_large,office_vendor_machine,office_cubicles_right,1,0,1,Johanna,0,
clean a garden sprayer,Wainscott_0_garden,Rs_garden,Merom_0_garden,1,0,1,Kristin,0,
clean a glass pipe,school_geography,school_chemistry,school_biology,1,0,1,Kristin,0,
clean a glass windshield,house_double_floor_lower,Merom_0_garden,Wainscott_0_garden,1,0,1,Adriel,0,
clean a golf club,Wainscott_1_int,Pomaria_1_int,Beechwood_0_garden,1,0,1,Adriel,0,
clean a gravestone,house_double_floor_lower,Ihlen_0_int,,1,0,1,Adriel,0,
clean a grill pan,Pomaria_0_garden,Merom_0_garden,Rs_garden,1,0,1,Adriel,0,
clean a guitar,house_double_floor_lower,Benevolence_1_int,Beechwood_0_int,1,0,1,Adriel,0,
clean a hamper,Wainscott_1_int,Pomaria_1_int,house_single_floor,1,0,1,Adriel,0,
clean a hat,Beechwood_0_int,Wainscott_1_int,house_single_floor,1,0,1,Adriel,0,
clean a hot water dispenser,Wainscott_0_int,Merom_1_int,Beechwood_0_int,1,0,1,Adriel,0,
clean a keyboard,office_cubicles_right,office_large,school_computer_lab_and_infirmary,1,0,1,Adriel,0,
clean a kitchen sink,Wainscott_0_int,Rs_garden,restaurant_asian,1,0,1,Adriel,0,
clean a kitchen table,restaurant_urban,house_single_floor,house_double_floor_lower,1,0,1,Areeba,0,
clean a knife,house_double_floor_lower,house_double_floor_lower,restaurant_brunch,1,0,1,Areeba,0,
clean a knife block,house_double_floor_lower,Ihlen_1_int,house_single_floor,1,0,1,Areeba,0,
clean a leather belt,Beechwood_0_garden,house_single_floor,Pomaria_1_int,1,0,1,Areeba,0,
clean a LED screen,office_cubicles_left,office_cubicles_right,school_computer_lab_and_infirmary,1,0,1,Adriel,0,
clean a light bulb,Wainscott_1_int,Pomaria_1_int,house_single_floor,1,0,1,Adriel,0,
clean a lobster,restaurant_cafeteria,restaurant_diner,restaurant_asian,1,0,1,Areeba,0,
clean a longboard,Beechwood_0_garden,Merom_0_garden,Rs_garden,1,0,1,Areeba,0,
clean a loofah or natural sponge,Wainscott_0_int,restaurant_urban,restaurant_brunch,1,0,1,Adriel,0,
clean a mattress,house_single_floor,house_double_floor_lower,Merom_0_int,1,0,1,Adriel,0,
clean a mousepad,Wainscott_1_int,Pomaria_1_int,house_single_floor,1,0,1,Adriel,0,
clean a patio,house_single_floor,Pomaria_0_garden,Beechwood_0_garden,1,0,1,Adriel,0,
clean a piano,Beechwood_0_garden,Beechwood_0_int,,1,0,1,Adriel,0,
clean a pickup truck,Merom_0_garden,Pomaria_0_garden,Wainscott_0_garden,1,0,1,Adriel,0,
clean a pizza stone,Wainscott_0_int,restaurant_hotel,Benevolence_1_int,1,0,1,Adriel,0,
clean a popcorn machine,Wainscott_0_garden,Wainscott_0_int,restaurant_cafeteria,1,0,1,Adriel,0,
clean a pumpkin,Wainscott_1_int,house_single_floor,Beechwood_0_garden,1,0,1,Adriel,0,
clean a purse,Wainscott_1_int,house_single_floor,Beechwood_0_int,1,0,1,Adriel,0,
clean a quilt,Wainscott_1_int,house_single_floor,Beechwood_0_garden,1,0,1,Adriel,0,
clean a raincoat,house_single_floor,Pomaria_1_int,Beechwood_0_garden,1,0,1,Adriel,0,
clean a razor blade,Wainscott_0_int,restaurant_urban,Merom_1_int,1,0,1,Adriel,0,
clean a rice cooker,Wainscott_0_int,Rs_int,restaurant_asian,1,0,1,Adriel,0,
clean a rug,Rs_int,Pomaria_2_int,Merom_0_int,1,0,1,Adriel,0,
clean a sauna,hotel_gym_spa,,,1,0,1,Adriel,0,
clean a sauna suit,Beechwood_0_int,house_single_floor,Pomaria_1_int,1,0,1,Adriel,0,
clean a saxophone,Rs_int,Beechwood_1_int,house_double_floor_upper,1,0,1,Deidra,0,
clean a shower,Wainscott_1_int,hotel_suite_small,Beechwood_1_int,1,0,1,Adriel,0,
clean a sieve,Rs_garden,Ihlen_1_int,Benevolence_1_int,1,0,1,Deidra,0,
clean a small pet cage,Beechwood_0_int,Benevolence_2_int,Rs_int,1,0,1,Deidra,0,
clean a sofa,Rs_garden,Ihlen_1_int,Benevolence_1_int,1,0,1,Adriel,0,
clean a softball bat,Beechwood_1_int,Beechwood_0_garden,Beechwood_0_int,1,0,1,Deidra,0,
clean a sponge,house_single_floor,restaurant_asian,restaurant_hotel,1,0,1,Deidra,0,
clean a stainless steel dishwasher,Pomaria_1_int,Beechwood_0_int,Ihlen_1_int,1,0,1,Adriel,0,
clean a suitcase,Wainscott_1_int,office_large,Pomaria_1_int,1,0,1,Deidra,0,
clean a teddy bear,house_single_floor,house_double_floor_lower,Benevolence_2_int,1,0,1,Deidra,0,
clean a tie,Beechwood_0_garden,Merom_0_garden,house_single_floor,1,0,1,Deidra,0,
clean a toaster,house_double_floor_lower,Wainscott_0_garden,restaurant_urban,1,0,1,Deidra,0,
clean a toaster oven,house_double_floor_lower,Wainscott_0_garden,restaurant_urban,1,0,1,Johanna,0,
clean a trombone,house_double_floor_lower,Rs_garden,Wainscott_0_garden,1,0,1,Deidra,0,
clean a trumpet,house_double_floor_lower,Rs_garden,Wainscott_0_garden,1,0,1,Deidra,0,
clean a turkey,house_double_floor_lower,Wainscott_0_garden,restaurant_urban,1,0,1,Deidra,0,
clean a vacuum,house_single_floor,office_cubicles_left,restaurant_asian,1,0,1,Johanna,0,
clean a violin,Rs_int,Merom_0_int,house_double_floor_lower,1,0,1,Deidra,0,
clean a watch,Beechwood_0_garden,Ihlen_1_int,Merom_1_int,1,0,1,Deidra,0,
clean a whiteboard,school_biology,school_chemistry,school_geography,1,0,1,Deidra,0,
clean a wood pipe,Beechwood_0_garden,house_single_floor,Benevolence_2_int,1,0,1,Areeba,0,
clean an air filter,house_double_floor_lower,Beechwood_0_int,Pomaria_1_int,1,0,1,Johanna,0,
clean an electric kettle,house_double_floor_lower,Ihlen_1_int,Pomaria_1_int,1,0,1,Areeba,0,
clean an electric razor,house_single_floor,hotel_suite_small,hotel_suite_large,1,0,1,Areeba,0,
clean an eraser,school_geography,school_chemistry,school_biology,1,0,1,Areeba,0,
clean an espresso machine,Wainscott_0_garden,Wainscott_0_int,grocery_store_convenience,1,0,1,Johanna,0,
clean an iron,house_single_floor,,,1,0,1,Areeba,0,
clean an office chair,office_large,office_bike,office_cubicles_left,1,0,1,Areeba,0,
clean and disinfect ice trays,house_single_floor,restaurant_diner,restaurant_urban,1,0,1,Areeba,0,
clean apples,house_single_floor,grocery_store_convenience,grocery_store_cafe,1,0,1,Areeba,0,
clean baby toys,Wainscott_0_int,Rs_garden,Pomaria_2_int,1,0,1,Areeba,0,
clean baking sheets,house_single_floor,restaurant_cafeteria,restaurant_brunch,1,0,1,Areeba,0,
clean batting gloves,Beechwood_0_int,Merom_0_garden,Wainscott_1_int,1,0,1,Areeba,0,
clean black rims,house_double_floor_lower,Wainscott_0_garden,Merom_0_garden,1,0,1,Areeba,0,
clean bok choy,restaurant_diner,restaurant_hotel,restaurant_asian,1,0,1,Areeba,0,
clean boxing gloves,Merom_0_garden,Beechwood_0_int,Beechwood_0_garden,1,0,1,Areeba,0,
clean brass,Rs_int,house_double_floor_lower,Merom_0_garden,1,0,1,Areeba,0,
clean brass casings,Wainscott_0_garden,Ihlen_0_int,Merom_1_int,1,0,1,Areeba,0,
clean broccoli rabe,grocery_store_cafe,restaurant_urban,house_single_floor,1,0,1,Areeba,0,
clean brooms,Wainscott_0_garden,house_single_floor,Ihlen_1_int,1,0,1,Areeba,0,
clean cabbage,restaurant_urban,restaurant_cafeteria,restaurant_asian,1,0,1,Areeba,0,
clean carpets,Beechwood_1_int,Merom_0_garden,Merom_0_int,1,0,1,Johanna,0,
clean cement,Wainscott_0_garden,Merom_0_garden,Beechwood_0_garden,1,0,1,Johanna,0,
clean clams,restaurant_cafeteria,restaurant_hotel,restaurant_asian,1,0,1,Areeba,0,
clean clear plastic,Rs_garden,school_chemistry,house_double_floor_lower,1,0,1,Elizabeth,0,
clean conch shells,Benevolence_1_int,Ihlen_1_int,house_double_floor_lower,1,0,1,Elizabeth,0,
clean copper mugs,restaurant_hotel,restaurant_hotel,house_single_floor,1,0,1,Elizabeth,0,
clean copper wire,Rs_garden,Beechwood_1_int,Merom_0_int,1,0,1,Elizabeth,0,
clean cork mats,Wainscott_1_int,house_double_floor_upper,hotel_suite_small,1,0,1,Elizabeth,0,
clean couch pillows,house_single_floor,Beechwood_0_int,Merom_0_garden,1,0,1,Johanna,0,
clean cup holders,house_double_floor_lower,Ihlen_0_int,school_chemistry,1,0,1,Elizabeth,0,
clean cups,Beechwood_0_garden,grocery_store_cafe,grocery_store_convenience,1,0,1,Johanna,0,
clean decking,Rs_garden,Merom_0_garden,Pomaria_0_garden,1,0,1,Johanna,0,
clean deer antlers,school_geography,Pomaria_1_int,house_single_floor,1,0,1,Elizabeth,0,
clean dentures,house_single_floor,Beechwood_0_int,Beechwood_0_garden,1,0,1,Elizabeth,0,
clean dentures with vinegar,house_single_floor,Beechwood_0_int,Beechwood_0_garden,1,0,1,Elizabeth,0,
clean dog collars,house_single_floor,Merom_1_int,house_double_floor_lower,1,0,1,Elizabeth,0,
clean eggs,Rs_int,restaurant_hotel,Wainscott_0_garden,1,0,1,Elizabeth,0,
clean fishing lures,house_single_floor,house_double_floor_upper,Benevolence_2_int,1,0,1,Elizabeth,0,
clean flip flops,Merom_1_int,Pomaria_0_garden,Wainscott_1_int,1,0,1,Elizabeth,0,
clean fur,Beechwood_0_garden,house_single_floor,Merom_0_int,1,0,1,Elizabeth,0,
clean garden gloves,Beechwood_0_garden,Benevolence_0_int,Pomaria_0_garden,1,0,1,Elizabeth,0,
clean gas logs,house_single_floor,,,1,0,1,Johanna,0,
clean geodes,school_geography,,,1,0,1,Johanna,0,
clean gold,school_geography,school_chemistry,,1,0,1,Johanna,0,
clean gourds,Rs_int,restaurant_urban,restaurant_brunch,1,0,1,Johanna,0,
clean grease,restaurant_asian,restaurant_cafeteria,house_single_floor,1,0,1,Johanna,0,
clean green beans,restaurant_asian,Pomaria_1_int,Ihlen_1_int,1,0,1,Johanna,0,
clean greens,house_single_floor,house_double_floor_lower,Beechwood_0_int,1,0,1,Johanna,0,
clean household cleaning tools,Merom_0_garden,Beechwood_0_int,Ihlen_0_int,1,0,1,Johanna,0,
clean invisalign,hotel_suite_large,house_single_floor,house_double_floor_lower,1,0,1,Johanna,0,
clean jade,school_geography,school_chemistry,,1,0,1,Johanna,0,
clean jewels,Ihlen_0_int,Ihlen_1_int,Pomaria_1_int,1,0,1,Johanna,0,
clean kale,house_single_floor,house_double_floor_lower,Beechwood_0_int,1,0,1,Johanna,0,
clean kitchen appliances,house_double_floor_lower,restaurant_asian,restaurant_brunch,1,0,1,Johanna,0,
clean leather boots,house_single_floor,house_double_floor_upper,Beechwood_1_int,1,0,1,Johanna,0,
clean leather sandals,Wainscott_0_garden,Rs_garden,house_single_floor,1,0,1,Johanna,0,
clean marker off a doll,Beechwood_0_garden,Beechwood_0_int,Wainscott_1_int,1,0,1,Johanna,0,
clean mirrors,Wainscott_0_int,restaurant_hotel,Merom_0_int,1,0,1,Johanna,0,
clean mushrooms,restaurant_urban,restaurant_hotel,restaurant_urban,1,0,1,Johanna,0,
clean mussels,Rs_int,restaurant_cafeteria,restaurant_urban,1,0,1,Johanna,0,
clean nickel,house_double_floor_lower,Beechwood_0_int,Beechwood_0_garden,1,0,1,Johanna,0,
clean out a guinea pigs hutch,Beechwood_1_int,Merom_0_garden,Merom_0_int,1,0,1,Johanna,0,
clean outdoor tiles,house_double_floor_lower,house_single_floor,Pomaria_0_garden,1,0,1,Johanna,0,
clean oysters,Pomaria_1_int,Merom_0_int,Merom_1_int,1,0,1,Johanna,0,
clean paper lampshades,Beechwood_0_int,house_single_floor,Pomaria_1_int,1,0,1,Johanna,0,
clean pearls,school_geography,Wainscott_0_garden,school_chemistry,1,0,1,Johanna,0,
clean pennies,school_geography,Wainscott_0_int,office_cubicles_left,1,0,1,Johanna,0,
clean piano keys,Beechwood_0_garden,Beechwood_0_int,,1,0,1,Deidra,0,
clean pine cones,Beechwood_0_int,Benevolence_2_int,Ihlen_1_int,1,0,1,Deidra,0,
clean place mats,hall_conference_large,,,1,0,1,Deidra,0,
clean plastic containers,house_single_floor,house_double_floor_lower,restaurant_brunch,1,0,1,Johanna,0,
clean potatoes,restaurant_asian,restaurant_hotel,restaurant_urban,1,0,1,Deidra,0,
clean pottery,house_single_floor,Pomaria_1_int,Wainscott_1_int,1,0,1,Deidra,0,
clean prawns,Beechwood_0_garden,Benevolence_1_int,Merom_1_int,1,0,1,Deidra,0,
clean quarters,house_double_floor_lower,Beechwood_0_int,Beechwood_0_garden,1,0,1,Deidra,0,
clean quartz,school_chemistry,school_geography,Beechwood_0_garden,1,0,1,Deidra,0,
clean raw denim,house_single_floor,Merom_0_int,Beechwood_0_int,1,0,1,Deidra,0,
clean reusable shopping bags,grocery_store_cafe,grocery_store_convenience,grocery_store_half_stocked,1,0,1,Johanna,0,
clean rubber,Wainscott_1_int,Merom_0_int,Pomaria_1_int,1,0,1,Deidra,0,
clean rubber bathmats,house_single_floor,Merom_1_int,Pomaria_2_int,1,0,1,Johanna,0,
clean scallops,Pomaria_1_int,restaurant_asian,restaurant_hotel,1,0,1,Deidra,0,
clean seashells,Ihlen_1_int,restaurant_cafeteria,house_single_floor,1,0,1,Deidra,0,
clean sheets,Pomaria_0_int,Wainscott_1_int,house_double_floor_upper,1,0,1,Johanna,0,
clean shrimp,house_double_floor_lower,restaurant_asian,restaurant_hotel,1,0,1,Deidra,0,
clean silver coins,school_geography,school_chemistry,house_single_floor,1,0,1,Deidra,0,
clean skateboard bearings,Benevolence_2_int,Beechwood_1_int,Wainscott_0_garden,1,0,1,Deidra,0,
clean snap peas,restaurant_urban,restaurant_asian,restaurant_hotel,1,0,1,Myra,0,
clean snow peas,restaurant_urban,restaurant_asian,restaurant_hotel,1,0,1,Myra,0,
clean soot from glass lanterns,Rs_garden,Beechwood_0_garden,Merom_0_garden,1,0,1,Myra,0,
clean stainless steel sinks,hall_glass_ceiling,grocery_store_half_stocked,Beechwood_0_int,1,0,1,Johanna,0,
clean strawberries,restaurant_asian,restaurant_urban,house_double_floor_lower,1,0,1,Myra,0,
clean stucco,Wainscott_0_garden,Rs_garden,Pomaria_0_garden,1,0,1,Myra,0,
clean suede gloves,Beechwood_0_int,house_single_floor,Merom_0_garden,1,0,1,Myra,0,
clean sunglasses,Beechwood_0_int,hotel_suite_large,house_single_floor,1,0,1,Myra,0,
clean synthetic hiking gear,Merom_0_garden,Wainscott_1_int,Beechwood_0_int,1,0,1,Myra,0,
clean tennis balls,Wainscott_0_garden,Benevolence_2_int,Beechwood_1_int,1,0,1,Myra,0,
clean the bottom of an iron,house_single_floor,,,1,0,1,Myra,0,
clean the exterior of your garage,Ihlen_0_int,house_double_floor_lower,,1,0,1,Areeba,0,
clean the interior of your car,house_double_floor_lower,Wainscott_0_garden,Pomaria_0_garden,1,0,1,Areeba,0,
clean the outside of a house,Wainscott_0_garden,Rs_garden,Pomaria_0_garden,1,0,1,Areeba,0,
clean tweed,Merom_0_garden,Beechwood_0_garden,Wainscott_1_int,1,0,1,Myra,0,
clean up after a dinner party,restaurant_asian,restaurant_cafeteria,restaurant_hotel,1,0,1,Areeba,0,
clean up broken glass,office_large,hall_conference_large,restaurant_hotel,1,0,1,Areeba,0,
clean up gasoline,Merom_0_garden,Pomaria_0_garden,Wainscott_0_garden,1,0,1,Areeba,0,
clean up spilled egg,grocery_store_asian,grocery_store_convenience,restaurant_urban,1,0,1,Areeba,0,
clean up water damage,Beechwood_1_int,Benevolence_2_int,house_double_floor_upper,1,0,1,Areeba,0,
clean up your desk,office_cubicles_left,,,1,0,1,Myra,0,
clean vans,house_single_floor,Merom_0_garden,Beechwood_0_garden,1,0,1,Myra,0,
clean vases,hotel_suite_large,house_single_floor,,1,0,1,Myra,0,
clean vintage stereo equipment,house_single_floor,house_double_floor_lower,Beechwood_0_int,1,0,1,Myra,0,
clean vinyl shutters,hotel_suite_large,house_single_floor,,1,0,1,Myra,0,
clean walls,Beechwood_1_int,Benevolence_2_int,house_double_floor_upper,1,0,1,Areeba,0,
clean whiskey stones,Rs_int,restaurant_hotel,Beechwood_0_int,1,0,1,Tess,0,
clean white marble,house_single_floor,hotel_suite_large,,1,0,1,Tess,0,
clean white wall tires,Pomaria_0_garden,Merom_0_garden,house_double_floor_lower,1,0,1,Tess,0,
clean wine glasses,restaurant_urban,,,1,0,1,Tess,0,
clean wood doors,Wainscott_0_int,restaurant_asian,office_cubicles_right,1,0,1,Areeba,0,
clean wood pallets,Wainscott_0_garden,Rs_garden,Pomaria_0_garden,1,0,1,Tess,0,
clean wood siding,Rs_garden,Pomaria_0_garden,house_single_floor,1,0,1,Areeba,0,
clean wooden blocks,Wainscott_0_garden,Pomaria_1_int,,1,0,1,Tess,0,
clean your baseboard radiators,Wainscott_1_int,Pomaria_1_int,house_single_floor,1,0,1,Areeba,0,
clean your cleaning supplies,Wainscott_1_int,Pomaria_1_int,house_single_floor,1,0,1,Areeba,0,
clean your electronics,hotel_suite_large,house_single_floor,,1,0,1,Tess,0,
clean your goal keeper gloves,Merom_0_garden,Merom_0_int,Beechwood_0_int,1,0,1,Tess,0,
clean your house after a wild party,Pomaria_1_int,Ihlen_1_int,Beechwood_0_int,1,0,1,Tess,0,
clean your kitty litter box,Wainscott_1_int,Beechwood_1_int,Merom_0_garden,1,0,1,Areeba,0,
clean your laundry room,Merom_0_int,house_single_floor,Beechwood_0_int,1,0,1,Areeba,0,
clean your pencil case,house_double_floor_lower,Pomaria_1_int,Wainscott_1_int,1,0,1,Tess,0,
clean your rusty garden tools,house_single_floor,Pomaria_0_garden,Beechwood_0_garden,1,0,1,Areeba,0,
cleaning around pool in garden,Pomaria_0_garden,house_single_floor,,1,0,1,Areeba,0,
cleaning boat,Pomaria_0_garden,Wainscott_0_garden,Beechwood_0_garden,1,0,1,Tess,0,
cleaning camper/RV,Pomaria_0_garden,Wainscott_0_garden,Beechwood_0_garden,1,0,1,Tess,0,
cleaning computer,hotel_suite_large,house_single_floor,,1,0,1,Tess,0,
cleaning cups in living room,Pomaria_1_int,Merom_0_int,Merom_0_garden,1,0,1,Tess,0,
cleaning debris out of car,Pomaria_0_garden,Merom_0_garden,Wainscott_0_garden,1,0,1,Areeba,0,
cleaning driveway,Merom_0_garden,house_double_floor_lower,Rs_garden,1,0,1,Areeba,0,
cleaning fan,restaurant_diner,house_single_floor,grocery_store_half_stocked,1,0,1,Kristin,0,
cleaning fishing gear,Merom_0_garden,Pomaria_0_garden,Rs_garden,1,0,1,Tess,0,
cleaning garden path,Beechwood_0_garden,house_double_floor_lower,house_single_floor,1,0,1,Tess,0,
cleaning garden tools,Beechwood_0_garden,Rs_garden,Wainscott_0_garden,1,0,1,Kristin,0,
cleaning glasses off bar,restaurant_brunch,restaurant_diner,restaurant_urban,1,0,1,Tess,0,
cleaning kitchen knives,house_single_floor,,,1,0,1,Tess,0,
cleaning lawnmowers,Wainscott_0_garden,Rs_garden,Beechwood_0_garden,1,0,0,Kristin,0,
cleaning mushrooms,restaurant_urban,restaurant_hotel,restaurant_urban,1,0,1,Tess,#REF!,
cleaning parks,Merom_0_garden,Pomaria_0_garden,Rs_garden,1,0,1,Elizabeth,0,
cleaning patio furniture,Beechwood_0_garden,house_single_floor,Rs_garden,1,0,1,Kristin,0,
cleaning pavement,house_double_floor_lower,Merom_0_garden,Pomaria_0_garden,1,0,1,Kristin,0,
cleaning pet bed,Beechwood_1_int,Merom_0_garden,Merom_0_int,1,0,1,Kristin,0,
cleaning rainboots,Beechwood_0_garden,Beechwood_0_int,Merom_0_int,1,0,1,Elizabeth,0,
cleaning restaurant table,restaurant_hotel,restaurant_urban,restaurant_asian,1,0,1,Elizabeth,0,
cleaning shed,Beechwood_0_garden,house_double_floor_lower,,1,0,0,Kristin,0,
cleaning skis,house_double_floor_lower,hall_train_station,grocery_store_cafe,1,0,1,Elizabeth,0,
cleaning stuff out of car,Merom_0_garden,Pomaria_0_garden,Wainscott_0_garden,1,0,1,Elizabeth,0,
cleaning the pond,Pomaria_0_garden,,,1,0,1,Elizabeth,0,
cleaning the yard,Wainscott_0_garden,Rs_garden,Pomaria_0_garden,1,0,1,Kristin,0,
cleaning tools and equipment,Beechwood_0_int,Beechwood_0_garden,Wainscott_1_int,1,0,1,Kristin,0,
cleaning up after an event,restaurant_hotel,Rs_int,Beechwood_0_int,1,0,1,Kristin,0,
cleaning up branches and twigs,Merom_0_garden,Pomaria_0_garden,Rs_garden,1,0,1,Kristin,0,
cleaning up plates and food,Wainscott_0_garden,restaurant_urban,restaurant_asian,1,0,1,Kristin,0,
cleaning vehicles,Ihlen_0_int,house_double_floor_lower,,1,0,1,Kristin,0,
clearing food from table into fridge,restaurant_asian,Ihlen_1_int,Wainscott_0_garden,1,0,1,Elizabeth,0,
clearing table after breakfast,restaurant_asian,Ihlen_1_int,Wainscott_0_garden,1,0,1,Areeba,0,
clearing table after coffee,Rs_garden,Wainscott_0_int,Pomaria_1_int,1,0,1,Areeba,0,
clearing table after dinner,restaurant_cafeteria,restaurant_hotel,restaurant_asian,1,0,1,Areeba,0,
clearing table after snacks,restaurant_cafeteria,Beechwood_0_int,Beechwood_0_garden,1,0,1,Areeba,0,
clearing table after supper,restaurant_cafeteria,restaurant_hotel,restaurant_asian,1,0,1,Areeba,0,
cold brew coffee,Wainscott_0_garden,Wainscott_0_int,,1,0,1,Kristin,0,
collecting berries,Beechwood_0_garden,house_single_floor,house_double_floor_lower,1,0,1,Areeba,0,
collecting children's toys,house_single_floor,,,1,0,1,Areeba,0,
collecting dishes from around house,house_double_floor_upper,,,1,0,1,Areeba,0,
collecting dishes from restaurant tables,restaurant_asian,restaurant_brunch,restaurant_hotel,1,0,1,Areeba,0,
collecting mail from the letterbox,Merom_0_garden,Pomaria_0_garden,Rs_garden,1,0,1,Areeba,0,
collecting wood,house_single_floor,Merom_0_garden,Wainscott_0_garden,1,0,1,Areeba,0,
composting waste,Rs_garden,Rs_int,,1,0,1,Areeba,0,
cook a brisket,restaurant_asian,house_single_floor,restaurant_hotel,1,0,1,Areeba,0,
cook a crab,house_double_floor_lower,house_single_floor,Merom_1_int,1,0,1,Areeba,0,
cook a duck,restaurant_urban,restaurant_asian,house_double_floor_lower,1,0,1,Areeba,0,
cook a frozen pie,house_double_floor_lower,Beechwood_0_garden,Benevolence_1_int,1,0,1,Areeba,0,
cook a ham,restaurant_brunch,house_double_floor_lower,restaurant_urban,1,0,1,Areeba,0,
cook a pumpkin,restaurant_asian,house_double_floor_lower,restaurant_hotel,1,0,1,Areeba,0,
cook a turkey,Wainscott_0_garden,house_double_floor_lower,restaurant_brunch,1,0,1,Areeba,0,
cook arepas,restaurant_brunch,restaurant_asian,restaurant_urban,1,0,1,Areeba,0,
cook asparagus,restaurant_brunch,restaurant_asian,restaurant_urban,1,0,1,Areeba,0,
cook bacon,restaurant_brunch,restaurant_asian,restaurant_urban,1,0,1,Areeba,0,
cook beans,restaurant_brunch,restaurant_asian,restaurant_urban,1,0,1,Areeba,0,
cook beef,Pomaria_1_int,restaurant_hotel,Rs_garden,1,0,1,Areeba,0,
cook beef and onions,Pomaria_1_int,restaurant_hotel,Rs_garden,1,0,1,Areeba,0,
cook beets,house_double_floor_lower,Wainscott_0_int,restaurant_cafeteria,1,0,1,Areeba,0,
cook bok choy,restaurant_asian,restaurant_hotel,restaurant_urban,1,0,1,Areeba,0,
cook bratwurst,restaurant_asian,Wainscott_0_garden,Beechwood_0_int,1,0,1,Areeba,0,
cook broccoli,restaurant_hotel,Rs_int,Wainscott_0_int,1,0,1,Areeba,0,
cook broccolini,house_double_floor_lower,Benevolence_1_int,restaurant_asian,1,0,1,Areeba,0,
cook brussels sprouts,restaurant_urban,Beechwood_0_garden,Pomaria_1_int,1,0,1,Areeba,0,
cook cabbage,restaurant_asian,restaurant_hotel,Merom_1_int,1,0,1,Areeba,0,
cook carrots,restaurant_urban,restaurant_asian,house_double_floor_lower,1,0,1,Johanna,0,
cook chicken,Ihlen_1_int,Beechwood_0_int,restaurant_asian,1,0,1,Johanna,0,
cook chicken and rice,Ihlen_1_int,Beechwood_0_int,restaurant_asian,1,0,1,Johanna,0,
cook chickpeas,restaurant_hotel,Pomaria_1_int,Beechwood_0_int,1,0,1,Johanna,0,
cook chorizo,restaurant_asian,Wainscott_0_garden,Beechwood_0_int,1,0,1,Johanna,0,
cook clams,restaurant_urban,restaurant_hotel,restaurant_asian,1,0,1,Johanna,0,
cook corn,Rs_int,Beechwood_0_garden,house_double_floor_lower,1,0,1,Johanna,0,
cook eggplant,restaurant_asian,Rs_garden,Wainscott_0_int,1,0,1,Johanna,0,
cook eggs,restaurant_urban,restaurant_hotel,restaurant_asian,1,0,1,Johanna,0,
cook fish,restaurant_hotel,Ihlen_1_int,Rs_garden,1,0,1,Johanna,0,
cook green beans,restaurant_asian,Benevolence_1_int,Beechwood_0_int,1,0,1,Johanna,0,
cook ground beef,Ihlen_1_int,restaurant_urban,restaurant_hotel,1,0,1,Johanna,0,
cook ham hocks,Ihlen_1_int,house_double_floor_lower,Wainscott_0_garden,1,0,1,Johanna,0,
cook hot dogs,restaurant_urban,restaurant_brunch,restaurant_hotel,1,0,1,Johanna,0,
cook kabobs,restaurant_asian,restaurant_hotel,restaurant_urban,1,0,1,Johanna,0,
cook kale,restaurant_hotel,restaurant_urban,house_single_floor,1,0,1,Johanna,0,
cook kielbasa,restaurant_asian,Wainscott_0_garden,Beechwood_0_int,1,0,1,Johanna,0,
cook lamb,restaurant_asian,restaurant_urban,house_single_floor,1,0,1,Johanna,0,
cook lasagne,Rs_garden,Rs_int,Wainscott_0_garden,1,0,1,Johanna,0,
cook mushrooms,restaurant_hotel,restaurant_urban,house_single_floor,1,0,1,Johanna,0,
cook mussels,restaurant_urban,restaurant_hotel,restaurant_asian,1,0,1,Deidra,0,
cook mustard greens,Rs_garden,Beechwood_0_int,house_double_floor_lower,1,0,1,Deidra,0,
cook noodles,restaurant_asian,restaurant_hotel,restaurant_urban,1,0,1,Deidra,0,
cook onions,Rs_garden,Wainscott_0_garden,restaurant_asian,1,0,1,Deidra,0,
cook oxtails,restaurant_urban,restaurant_hotel,restaurant_asian,1,0,1,Deidra,0,
cook oysters,restaurant_urban,restaurant_hotel,restaurant_asian,1,0,1,Deidra,0,
cook pasta,restaurant_brunch,house_double_floor_lower,Beechwood_0_garden,1,0,1,Deidra,0,
cook peas,Beechwood_0_int,restaurant_urban,Rs_garden,1,0,1,Deidra,0,
cook peppers,restaurant_urban,restaurant_hotel,restaurant_asian,1,0,1,Deidra,0,
cook pork ribs,restaurant_urban,restaurant_hotel,restaurant_asian,1,0,1,Deidra,0,
cook potatoes,restaurant_brunch,Pomaria_1_int,Beechwood_0_int,1,0,1,Deidra,0,
cook pumpkin seeds,house_double_floor_lower,restaurant_brunch,restaurant_urban,1,0,1,Deidra,0,
cook quail,restaurant_asian,restaurant_hotel,restaurant_urban,1,0,1,Deidra,0,
cook ramen noodles,house_double_floor_lower,restaurant_asian,,1,0,1,Deidra,0,
cook red peppers,restaurant_urban,restaurant_hotel,restaurant_asian,1,0,1,Deidra,0,
cook rice,restaurant_asian,Merom_1_int,house_single_floor,1,0,1,Malik,0,
cook sausages,Wainscott_0_int,restaurant_cafeteria,house_double_floor_lower,1,0,1,Malik,0,
cook seafood paella,house_double_floor_lower,restaurant_cafeteria,Wainscott_0_garden,1,0,1,Malik,0,
cook shrimp,house_single_floor,restaurant_asian,restaurant_cafeteria,1,0,1,Malik,0,
cook simple ginger and garlic prawns,house_single_floor,restaurant_asian,restaurant_cafeteria,1,0,1,Malik,0,
cook snap peas,restaurant_cafeteria,Wainscott_0_garden,house_double_floor_lower,1,0,1,Malik,0,
cook spinach,restaurant_cafeteria,Wainscott_0_garden,house_single_floor,1,0,1,Malik,0,
cook squash,house_double_floor_lower,restaurant_cafeteria,Wainscott_0_int,1,0,1,Malik,0,
cook squid,house_single_floor,restaurant_asian,restaurant_brunch,1,0,1,Malik,0,
cook sweet potatoes,restaurant_asian,Rs_int,Benevolence_1_int,1,0,1,Malik,0,
cook tofu,house_single_floor,restaurant_asian,restaurant_brunch,1,0,1,Malik,0,
cook turkey drumsticks,restaurant_hotel,Wainscott_0_int,Beechwood_0_int,1,0,1,Malik,0,
cook vegetables,house_double_floor_lower,restaurant_cafeteria,Wainscott_0_int,1,0,1,Malik,0,
cook zucchini,house_double_floor_lower,restaurant_cafeteria,Wainscott_0_int,1,0,1,Malik,0,
cooking a feast,restaurant_cafeteria,Wainscott_0_garden,house_single_floor,1,0,1,Malik,0,
cooking breakfast,restaurant_brunch,Beechwood_0_garden,Rs_garden,1,0,1,Elizabeth,0,
cooking dinner,restaurant_hotel,restaurant_asian,Wainscott_0_int,1,0,1,Elizabeth,0,
cooking food for adult,restaurant_hotel,restaurant_asian,Wainscott_0_int,1,0,1,Elizabeth,0,
cooking lunch,restaurant_brunch,restaurant_cafeteria,Merom_1_int,1,0,1,Elizabeth,0,
cool cakes,restaurant_cafeteria,Beechwood_0_garden,Rs_garden,1,0,1,Elizabeth,0,
cover a flower pot in fabric,Beechwood_0_garden,house_double_floor_lower,Rs_garden,1,0,1,Elizabeth,0,
covering boat,Wainscott_0_garden,house_double_floor_lower,Merom_0_garden,1,0,1,Elizabeth,0,
de-clutter your garage,Ihlen_0_int,house_double_floor_lower,,1,0,1,Kristin,0,
de-ice a car,Beechwood_0_garden,house_double_floor_lower,Merom_0_garden,1,0,1,Deidra,0,
decorating for religious ceremony,Merom_0_garden,Wainscott_1_int,Merom_0_int,1,0,1,Deidra,0,
decorating outside for holidays,Wainscott_0_garden,Merom_0_garden,Beechwood_0_garden,1,0,1,Deidra,0,
decorating outside for parties,house_double_floor_lower,Pomaria_0_garden,Beechwood_0_garden,1,0,1,Deidra,0,
defrost meat,grocery_store_asian,grocery_store_cafe,grocery_store_convenience,1,0,1,Deidra,0,
delivering groceries to doorstep,office_large,office_cubicles_right,office_large,1,0,1,Deidra,0,
disinfect laundry,house_single_floor,Wainscott_1_int,Pomaria_1_int,1,0,1,Kristin,0,
disinfect nail clippers,Pomaria_0_int,grocery_store_cafe,Pomaria_0_garden,1,0,1,Deidra,0,
dispose of a pizza box,house_single_floor,restaurant_hotel,Rs_int,1,0,1,Kristin,0,
dispose of batteries,Pomaria_0_garden,school_geography,school_computer_lab_and_infirmary,1,0,1,Deidra,0,
dispose of fireworks,Pomaria_0_int,Merom_1_int,Merom_0_garden,1,0,1,Deidra,0,
dispose of glass,office_vendor_machine,school_gym,restaurant_diner,1,0,1,Deidra,0,
dispose of medication,Rs_int,school_chemistry,Pomaria_0_int,1,0,1,Deidra,0,
dispose of paper,Beechwood_0_garden,Pomaria_1_int,house_single_floor,1,0,1,Deidra,0,
disposing of lawn clippings,Merom_0_garden,Pomaria_0_garden,Rs_garden,1,0,1,Kristin,0,
disposing of trash for adult,house_double_floor_lower,house_single_floor,,1,0,1,Kristin,0,
distributing event T-shirts,Benevolence_2_int,Benevolence_1_int,Merom_1_int,1,0,1,Deidra,0,
distributing groceries at food bank,grocery_store_asian,grocery_store_convenience,grocery_store_half_stocked,1,0,1,Deidra,0,
doing housework for adult,Beechwood_0_garden,house_double_floor_lower,house_single_floor,1,0,1,Kristin,0,
doing laundry,Benevolence_2_int,Merom_0_int,Beechwood_0_int,1,0,1,Kristin,0,
donating clothing,Beechwood_1_int,house_single_floor,,1,0,1,Deidra,0,
donating toys,Benevolence_1_int,Ihlen_0_int,Merom_0_garden,1,0,1,Malik,0,
drape window scarves,Pomaria_0_int,house_double_floor_upper,Benevolence_2_int,1,0,1,Malik,0,
drying dishes,Beechwood_0_garden,Benevolence_1_int,restaurant_hotel,1,0,1,Tess,0,
drying table,Beechwood_0_garden,Beechwood_0_int,Merom_1_int,1,0,1,Malik,0,
dust houseplants,house_double_floor_lower,Wainscott_0_garden,house_single_floor,1,0,1,Malik,0,
dusting rugs,Wainscott_1_int,Wainscott_0_int,Wainscott_0_garden,1,0,1,Tess,0,
emptying ashtray,restaurant_urban,Benevolence_1_int,Wainscott_0_int,1,0,1,Malik,0,
emptying trash cans,Pomaria_0_int,office_large,Beechwood_0_garden,1,0,1,Tess,#REF!,
fertilize a lawn,Pomaria_0_garden,Wainscott_0_garden,Beechwood_0_garden,1,0,1,Malik,0,
fertilize plants,house_single_floor,house_double_floor_lower,Merom_0_garden,1,0,1,Malik,0,
fertilizing garden,house_single_floor,Merom_0_garden,Pomaria_0_garden,1,0,1,Malik,0,
fill a bucket in a small sink,Wainscott_1_int,Beechwood_0_int,Beechwood_0_garden,1,0,1,Malik,0,
fill a canteen,Wainscott_0_int,Beechwood_0_garden,house_double_floor_lower,1,0,1,Malik,0,
fill a hot water bottle,Wainscott_0_garden,Wainscott_0_int,Rs_int,1,0,1,Malik,0,
fill a punching bag,Ihlen_0_int,house_double_floor_lower,,1,0,1,Malik,0,
filling pepper,Wainscott_0_int,Beechwood_0_int,Pomaria_1_int,1,0,1,Malik,0,
filling salt,house_single_floor,Pomaria_1_int,Ihlen_1_int,1,0,1,Malik,0,
filling sugar,restaurant_hotel,Rs_garden,Beechwood_0_int,1,0,1,Malik,0,
filling the bird feeder,Rs_garden,house_single_floor,Merom_0_garden,1,0,1,Malik,0,
fixing broken chair,Ihlen_0_int,house_double_floor_lower,,1,0,1,Johanna,0,
fixing broken table,Ihlen_0_int,house_double_floor_lower,,1,0,1,Johanna,0,
fixing mailbox,house_double_floor_lower,Rs_garden,Merom_0_garden,1,0,1,Johanna,0,
fold a cloth napkin,Ihlen_1_int,restaurant_hotel,Wainscott_0_garden,1,0,1,Malik,0,
fold a plastic bag,Merom_0_garden,Beechwood_0_int,Pomaria_1_int,1,0,1,Malik,0,
fold a tortilla,restaurant_asian,restaurant_brunch,restaurant_urban,1,0,1,Malik,0,
fold bandanas,Beechwood_0_garden,house_single_floor,Merom_0_int,1,0,1,Malik,0,
fold towels,Beechwood_0_int,Merom_0_garden,Pomaria_1_int,1,0,1,Kristin,0,
folding clean laundry,Merom_1_int,Ihlen_1_int,Benevolence_2_int,1,0,1,Tess,0,
folding clothes,Wainscott_1_int,Rs_garden,Pomaria_2_int,1,0,1,Tess,0,
folding piece of cloth,Wainscott_1_int,Pomaria_1_int,Merom_0_int,1,0,1,Kristin,0,
folding sheets,Merom_1_int,Ihlen_1_int,house_double_floor_upper,1,0,1,Tess,0,
freeze cupcakes,Beechwood_0_int,Pomaria_1_int,Wainscott_0_garden,1,0,1,Kristin,0,
freeze fruit,Beechwood_0_int,Pomaria_1_int,Wainscott_0_garden,1,0,1,Kristin,0,
freeze lasagna,Beechwood_0_int,Pomaria_1_int,Wainscott_0_garden,1,0,1,Kristin,0,
freeze meat,restaurant_asian,Benevolence_1_int,restaurant_urban,1,0,1,Kristin,0,
freeze pies,restaurant_asian,Benevolence_1_int,restaurant_urban,1,0,1,Kristin,0,
freeze quiche,restaurant_asian,Benevolence_1_int,restaurant_urban,1,0,1,Kristin,0,
freeze soup,Beechwood_0_garden,house_single_floor,Wainscott_0_int,1,0,1,Kristin,0,
freeze vegetables,Beechwood_0_garden,house_single_floor,Wainscott_0_int,1,0,1,Kristin,0,
freezing meat,Beechwood_0_garden,house_single_floor,Wainscott_0_int,1,0,1,Kristin,0,
fry pot stickers,Benevolence_1_int,restaurant_hotel,restaurant_asian,1,0,1,Kristin,0,
gathering nuts,Beechwood_0_garden,house_double_floor_lower,Pomaria_0_garden,1,0,1,Kristin,0,
getting a drink,Beechwood_0_garden,restaurant_urban,restaurant_hotel,1,0,1,Kristin,0,
getting organized for work,office_large,office_bike,office_cubicles_left,1,0,1,Kristin,0,
getting package from post office,office_large,,,1,0,1,Kristin,0,
glaze a ham,restaurant_hotel,house_double_floor_lower,Ihlen_1_int,1,0,1,Kristin,0,
grease and flour a pan,Merom_1_int,house_single_floor,Benevolence_1_int,1,0,1,Kristin,0,
grill burgers,Merom_0_garden,house_double_floor_lower,Rs_garden,1,0,1,Kristin,0,
grill vegetables,Rs_garden,restaurant_asian,restaurant_brunch,1,0,1,Kristin,0,
halve an egg,Pomaria_1_int,Rs_garden,Wainscott_0_int,1,0,1,Areeba,0,
hand washing clothing,Wainscott_1_int,Pomaria_1_int,,1,0,1,Deidra,0,
hang a bike on the wall,Ihlen_0_int,house_double_floor_lower,,1,0,1,Deidra,0,
hang a dartboard,Wainscott_0_int,Rs_garden,Beechwood_0_int,1,0,1,Deidra,0,
hang a hammock indoors,house_single_floor,Benevolence_2_int,Merom_1_int,1,0,1,Deidra,0,
hang a rug on a wall,Wainscott_0_garden,Ihlen_1_int,Rs_int,1,0,1,Deidra,0,
hang icicle lights,house_double_floor_lower,Merom_0_garden,house_single_floor,1,0,1,Deidra,0,
hang paper lanterns,Beechwood_0_garden,Merom_0_garden,house_double_floor_lower,1,0,1,Deidra,0,
hanging address numbers,Beechwood_0_int,house_single_floor,Rs_int,1,0,1,Deidra,0,
hanging blinds,Beechwood_0_garden,Benevolence_1_int,house_single_floor,1,0,1,Deidra,0,
hanging clothes,Beechwood_1_int,house_single_floor,,1,0,1,Deidra,0,
hanging clothes on clothesline,Merom_0_garden,house_single_floor,Beechwood_0_garden,1,0,1,Deidra,0,
hanging flags,Rs_garden,house_double_floor_lower,house_single_floor,1,0,1,Deidra,0,
hanging outdoor lights,Pomaria_0_garden,Wainscott_0_garden,Merom_0_garden,1,0,1,Deidra,0,
hanging pictures,Beechwood_0_int,Benevolence_0_int,office_large,1,0,1,Deidra,0,
hanging shades,Wainscott_1_int,Wainscott_0_int,Pomaria_0_int,1,0,1,Deidra,0,
hanging up bedsheets,Wainscott_0_garden,Pomaria_0_garden,Merom_0_garden,1,0,1,Adriel,0,
hanging up curtains,Ihlen_1_int,house_double_floor_upper,hotel_suite_large,1,0,1,Adriel,0,
hanging up wind chimes,Merom_0_garden,Beechwood_0_garden,Pomaria_0_garden,1,0,1,Adriel,0,
hard boil an egg,Merom_1_int,Wainscott_0_int,house_single_floor,1,0,1,Adriel,0,
haul a motorcycle,house_double_floor_lower,Merom_0_garden,Pomaria_0_garden,1,0,1,Adriel,0,
heating food up,Benevolence_1_int,Beechwood_0_int,Pomaria_1_int,1,0,1,Adriel,0,
heating soup,Rs_int,Wainscott_0_int,Beechwood_0_int,1,0,1,Adriel,0,
hiding Easter eggs,Rs_garden,house_double_floor_lower,Pomaria_0_garden,1,0,1,Adriel,0,
hoe weeds,Wainscott_0_garden,Rs_garden,Merom_0_garden,1,0,1,Tess,0,
hooking up trailer to car,Merom_0_garden,house_double_floor_lower,Rs_garden,1,0,1,Adriel,0,
ice cookies,Ihlen_1_int,house_single_floor,Benevolence_1_int,1,0,1,Adriel,0,
installing a fence,house_double_floor_lower,house_single_floor,Merom_0_garden,1,0,1,Adriel,0,
installing a trailer hitch,house_double_floor_lower,Ihlen_0_int,,1,0,1,Adriel,0,
installing appliances,Merom_0_int,Merom_0_garden,Ihlen_0_int,1,0,1,Adriel,0,
installing carpet,Rs_int,Merom_0_int,Ihlen_1_int,1,0,1,Tess,0,
installing smoke detectors,restaurant_diner,restaurant_brunch,house_single_floor,1,0,1,Adriel,0,
iron a tie,Beechwood_0_int,Merom_0_garden,Wainscott_1_int,1,0,1,Areeba,0,
iron curtains,house_single_floor,Merom_0_garden,Wainscott_1_int,1,0,1,Adriel,0,
ironing bedsheets,Pomaria_0_garden,Wainscott_1_int,Wainscott_0_int,1,0,1,Adriel,0,
ironing clothes,house_single_floor,hotel_suite_small,hotel_suite_large,1,0,1,Tess,0,
ironing curtains,house_single_floor,house_single_floor,hall_train_station,1,0,1,Adriel,0,
lay sod,Rs_garden,house_double_floor_lower,Merom_0_garden,1,0,1,Adriel,0,
laying clothes out,hall_train_station,house_single_floor,Benevolence_0_int,1,0,1,Adriel,0,
laying out a feast,restaurant_urban,Ihlen_1_int,Benevolence_1_int,1,0,1,Adriel,0,
laying out snacks at work,office_vendor_machine,office_cubicles_left,,1,0,1,Adriel,0,
laying paving stones,Wainscott_0_garden,house_double_floor_lower,Beechwood_0_garden,1,0,1,Areeba,0,
laying restaurant table for dinner,restaurant_cafeteria,restaurant_asian,restaurant_brunch,1,0,1,Areeba,0,
lighting fireplace,house_single_floor,,,1,0,1,Areeba,0,
line kitchen shelves,Beechwood_0_garden,Beechwood_0_int,house_single_floor,1,0,1,Areeba,0,
loading shopping into car,house_double_floor_lower,Wainscott_0_garden,Pomaria_0_garden,1,0,1,Areeba,0,
loading the car,house_double_floor_lower,Wainscott_0_garden,Pomaria_0_garden,1,0,1,Areeba,0,
lube a bicycle chain,Beechwood_0_garden,Wainscott_1_int,Merom_0_garden,1,0,1,Areeba,0,
mailing letters,office_cubicles_left,office_vendor_machine,,1,0,1,Areeba,0,
make a bake sale stand stall,Pomaria_1_int,Rs_garden,house_double_floor_lower,1,0,1,Johanna,0,
make a basic brine,Wainscott_0_garden,Wainscott_0_int,,1,0,1,Johanna,#REF!,
make a blended iced cappuccino,Wainscott_0_garden,Wainscott_0_int,,1,0,1,Johanna,0,
make a candy centerpiece,Beechwood_0_int,restaurant_hotel,Beechwood_0_garden,1,0,1,Johanna,0,
make a cappuccino,Wainscott_0_garden,Wainscott_0_int,,1,0,1,Johanna,0,
make a car emergency kit,Ihlen_0_int,house_double_floor_lower,,1,0,1,Johanna,0,
make a cheese pastry,Wainscott_0_garden,Wainscott_0_int,,1,0,1,Johanna,0,
make a chia breakfast bowl,Wainscott_0_garden,Wainscott_0_int,,1,0,1,Johanna,0,
make a christmas gift box,hall_train_station,house_single_floor,Benevolence_0_int,1,0,1,Johanna,0,
make a clothes line,Beechwood_0_int,house_single_floor,Beechwood_0_garden,1,0,1,Johanna,0,
make a frappe,Wainscott_0_garden,Wainscott_0_int,,1,0,1,Johanna,0,
make a good turkey burger,Wainscott_0_garden,Wainscott_0_int,,1,0,1,Johanna,0,
make a louisiana seafood boil,Wainscott_0_garden,Wainscott_0_int,,1,0,1,Johanna,0,
make a lunch box,Wainscott_0_garden,Wainscott_0_int,,1,0,1,Johanna,0,
make a military care package,Wainscott_0_garden,Rs_int,Beechwood_0_int,1,0,1,Johanna,0,
make a milkshake,Wainscott_0_garden,Wainscott_0_int,,1,0,1,Johanna,0,
make a mojito,Wainscott_0_garden,Wainscott_0_int,,1,0,1,Johanna,0,
make a red meat sauce,Wainscott_0_garden,Wainscott_0_int,,1,0,1,Johanna,0,
make a salad,Wainscott_0_garden,Wainscott_0_int,,1,0,1,Johanna,0,
make a sandwich,Wainscott_0_garden,Wainscott_0_int,,1,0,1,Johanna,0,
make a small vegetable garden,Beechwood_0_garden,Merom_0_garden,Wainscott_0_garden,1,0,1,Areeba,0,
make a steak,Wainscott_0_garden,Wainscott_0_int,,1,0,1,Johanna,0,
make a strawberry slushie,Wainscott_0_garden,Wainscott_0_int,,1,0,1,Kristin,0,
make a sugar and coffee scrub,Wainscott_0_garden,Wainscott_0_int,,1,0,1,Johanna,0,
make a tropical breakfast,Wainscott_0_garden,Wainscott_0_int,,1,0,1,Johanna,0,
make a vinegar cleaning solution,Wainscott_0_garden,Wainscott_0_int,,1,0,1,Kristin,0,
make a wiener schnitzle,Wainscott_0_garden,Wainscott_0_int,,1,0,1,Johanna,0,
make an afternoon tea with strawberries,Wainscott_0_garden,Wainscott_0_int,,1,1,1,Johanna,0,
make an egg tomato and toast breakfast,Wainscott_0_garden,Wainscott_0_int,,1,0,1,Areeba,0,
make an iced espresso,Wainscott_0_garden,Wainscott_0_int,,1,0,1,Kristin,0,
make applesauce,Wainscott_0_garden,Wainscott_0_int,,1,0,1,Kristin,0,
make bagels,Wainscott_0_garden,Wainscott_0_int,,1,0,1,Kristin,0,
make baked pears,Wainscott_0_garden,Wainscott_0_int,,1,0,1,Adriel,0,
make batter,Wainscott_0_garden,Wainscott_0_int,,1,0,1,Kristin,0,
make beef and broccoli,Wainscott_0_garden,Wainscott_0_int,,1,0,1,Areeba,0,
make bento,Wainscott_0_garden,Wainscott_0_int,,1,0,1,Areeba,0,
make biscuits,Wainscott_0_garden,Wainscott_0_int,,1,0,1,Kristin,0,
make blueberry mousse,Wainscott_0_garden,Wainscott_0_int,,1,0,1,Kristin,0,
make brownies,Wainscott_0_garden,Wainscott_0_int,,1,0,1,Kristin,0,
make burrito bowls,Wainscott_0_garden,Wainscott_0_int,,1,0,1,Areeba,0,
make cabinet doors,Beechwood_0_garden,Rs_int,Rs_garden,1,1,1,Abdullah,0,
make cake filling,Wainscott_0_garden,Wainscott_0_int,,1,0,1,Kristin,0,
make cake mix,Wainscott_0_garden,Wainscott_0_int,,1,0,1,Kristin,0,
make carne asada,Wainscott_0_garden,Wainscott_0_int,,1,0,1,Adriel,0,
make chicken and waffles,Wainscott_0_garden,Wainscott_0_int,,1,0,1,Adriel,0,
make chicken curry,Wainscott_0_garden,Wainscott_0_int,,1,0,1,Elizabeth,0,
make chicken fajitas,Wainscott_0_garden,Wainscott_0_int,,1,0,1,Adriel,0,
make chocolate biscuits,Wainscott_0_garden,Wainscott_0_int,,1,0,1,Elizabeth,0,
make chocolate milk,Wainscott_0_garden,Wainscott_0_int,,1,0,1,Elizabeth,0,
make chocolate spread,Wainscott_0_garden,Wainscott_0_int,,1,0,1,Elizabeth,0,
make chocolate syrup,Wainscott_0_garden,Wainscott_0_int,,1,0,1,Elizabeth,0,
make cinnamon sugar,Wainscott_0_garden,Wainscott_0_int,,1,0,1,Elizabeth,0,
make cinnamon toast,Wainscott_0_garden,Wainscott_0_int,,1,0,1,Adriel,0,
make citrus punch,Wainscott_0_garden,Wainscott_0_int,,1,0,1,Elizabeth,0,
make clam chowder,Wainscott_0_garden,Wainscott_0_int,,1,0,1,Elizabeth,0,
make coffee,Wainscott_0_garden,Wainscott_0_int,,1,0,1,Elizabeth,0,
make cookie dough,Wainscott_0_garden,Wainscott_0_int,,1,0,1,Elizabeth,0,
make cookies,Wainscott_0_garden,Wainscott_0_int,,1,0,1,Elizabeth,0,
make cornbread,Wainscott_0_garden,Wainscott_0_int,,1,0,1,Elizabeth,0,
make cream from milk,Wainscott_0_garden,Wainscott_0_int,,1,0,1,Elizabeth,0,
make cream soda,Wainscott_0_garden,Wainscott_0_int,,1,0,1,Elizabeth,0,
make curry rice,Wainscott_0_garden,Wainscott_0_int,,1,0,1,Elizabeth,0,
make dessert watermelons,Wainscott_0_garden,Wainscott_0_int,,1,0,1,Adriel,0,
make dinner rolls,Wainscott_0_garden,Wainscott_0_int,,1,0,1,Elizabeth,0,
make dinosaur goody bags,Wainscott_0_garden,Wainscott_0_int,,1,0,1,Adriel,0,
make edible chocolate chip cookie dough,Wainscott_0_garden,Wainscott_0_int,,1,0,1,Deidra,0,
make eggnog,Wainscott_0_garden,Wainscott_0_int,,1,0,1,Deidra,0,
make fish and chips,Wainscott_0_garden,Wainscott_0_int,,1,0,1,Adriel,0,
make fish stock,Wainscott_0_garden,Wainscott_0_int,,1,0,1,Deidra,0,
make fried rice,Wainscott_0_garden,Wainscott_0_int,,1,0,1,Abdullah,0,
make frozen lemonade,Wainscott_0_garden,Wainscott_0_int,,1,0,1,Deidra,0,
make fruit punch,Wainscott_0_garden,Wainscott_0_int,,1,0,1,Deidra,0,
make garlic mushrooms,Wainscott_0_garden,Wainscott_0_int,,1,0,1,Adriel,0,
make gazpacho,Wainscott_0_garden,Wainscott_0_int,,1,0,1,Deidra,0,
make gift bags for baby showers,Beechwood_0_garden,Beechwood_0_int,house_double_floor_lower,1,0,1,Abdullah,0,
make granola,Wainscott_0_garden,Wainscott_0_int,,1,0,1,Deidra,0,
make green tea latte,Wainscott_0_garden,Wainscott_0_int,,1,0,1,Deidra,0,
make homemade bird food,Wainscott_0_garden,Wainscott_0_int,,1,1,1,Kristin,0,
make hot cocoa,Wainscott_0_garden,Wainscott_0_int,,1,0,1,Deidra,0,
make ice,Wainscott_0_garden,Wainscott_0_int,,1,0,1,Deidra,0,
make iced chocolate,Wainscott_0_garden,Wainscott_0_int,,1,0,1,Deidra,0,
make iced tea,Wainscott_0_garden,Wainscott_0_int,,1,0,1,Deidra,0,
make instant coffee,Wainscott_0_garden,Wainscott_0_int,,1,0,1,Deidra,0,
make jamaican jerk seasoning,Wainscott_0_garden,Wainscott_0_int,,1,0,1,Deidra,0,
make king prawns with garlic,Wainscott_0_garden,Wainscott_0_int,,1,0,1,Adriel,0,
make lamb stew,Wainscott_0_garden,Wainscott_0_int,,1,0,1,Kristin,0,
make lemon or lime water,Wainscott_0_garden,Wainscott_0_int,,1,0,1,Deidra,0,
make lemon pepper seasoning,Wainscott_0_garden,Wainscott_0_int,,1,0,1,Deidra,0,
make lemon pepper wings,Wainscott_0_garden,Wainscott_0_int,,1,0,1,Elizabeth,0,
make lemon stain remover,Wainscott_0_garden,Wainscott_0_int,,1,0,1,Deidra,0,
make lemonade,Wainscott_0_garden,Wainscott_0_int,,1,0,1,Deidra,0,
make limeade,Wainscott_0_garden,Wainscott_0_int,,1,0,1,Deidra,0,
make macaroni and cheese,Wainscott_0_garden,Wainscott_0_int,,1,0,1,Deidra,0,
make meatloaf,Wainscott_0_garden,Wainscott_0_int,,1,0,1,Elizabeth,0,
make microwave popcorn,Wainscott_0_garden,Wainscott_0_int,,1,0,1,Elizabeth,0,
make muffins,Wainscott_0_garden,Wainscott_0_int,,1,0,1,Elizabeth,0,
make mustard herb and spice seasoning,Wainscott_0_garden,Wainscott_0_int,,1,0,1,Elizabeth,0,
make nachos,Wainscott_0_garden,Wainscott_0_int,,1,0,1,Elizabeth,0,
make oatmeal,Wainscott_0_garden,Wainscott_0_int,,1,0,1,Elizabeth,0,
make onion ring batter,Wainscott_0_garden,Wainscott_0_int,,1,0,1,Elizabeth,0,
make party favors from candy,Wainscott_0_garden,Wainscott_0_int,,1,0,1,Adriel,0,
make pasta sauce,Wainscott_0_garden,Wainscott_0_int,,1,0,1,Kristin,0,
make pastry,Wainscott_0_garden,Wainscott_0_int,,1,0,1,Kristin,0,
make pizza,Wainscott_0_garden,Wainscott_0_int,,1,0,1,Kristin,0,
make pizza dough,Wainscott_0_garden,Wainscott_0_int,,1,0,1,Kristin,0,
make pizza sauce,Wainscott_0_garden,Wainscott_0_int,,1,0,1,Kristin,0,
make popsicles,Wainscott_0_garden,Wainscott_0_int,,1,0,1,Kristin,0,
make poultry seasoning,Wainscott_0_garden,Wainscott_0_int,,1,0,1,Elizabeth,0,
make pumpkin pie spice,Wainscott_0_garden,Wainscott_0_int,,1,0,1,Kristin,0,
make red beans and rice,Wainscott_0_garden,Wainscott_0_int,,1,0,1,Elizabeth,0,
make rose centerpieces,Wainscott_0_garden,Wainscott_0_int,,1,0,1,Adriel,0,
make scones,Wainscott_0_garden,Wainscott_0_int,,1,0,1,Elizabeth,0,
make seafood stew,Wainscott_0_garden,Wainscott_0_int,,1,0,1,Elizabeth,0,
make soup,Wainscott_0_garden,Wainscott_0_int,,1,0,1,Elizabeth,0,
make spa water,Wainscott_0_garden,Wainscott_0_int,,1,0,1,Elizabeth,0,
make stew,Wainscott_0_garden,Wainscott_0_int,,1,0,1,Elizabeth,0,
make stewed fruit,Wainscott_0_garden,Wainscott_0_int,,1,0,1,Adriel,0,
make strawberries and cream,Wainscott_0_garden,Wainscott_0_int,,1,0,1,Adriel,0,
make tacos,Wainscott_0_garden,Wainscott_0_int,,1,0,1,Adriel,0,
make the ultimate spa basket,hotel_gym_spa,,,1,0,1,Adriel,0,
make the workplace exciting,office_cubicles_left,office_vendor_machine,,1,0,1,Adriel,0,
make toast,Wainscott_0_garden,Wainscott_0_int,,1,0,1,Adriel,0,
make tomato rice,Wainscott_0_garden,Wainscott_0_int,,1,0,1,Elizabeth,0,
make waffles,Wainscott_0_garden,Wainscott_0_int,,1,0,1,Elizabeth,0,
make warm drinks for the holidays,Wainscott_0_garden,Wainscott_0_int,,1,0,1,Elizabeth,0,
make watermelon punch,Wainscott_0_garden,Wainscott_0_int,,1,0,1,Elizabeth,0,
make white wine sauce,Wainscott_0_garden,Wainscott_0_int,,1,0,1,Elizabeth,0,
make yams,Wainscott_0_garden,Wainscott_0_int,,1,0,1,Adriel,0,
making a drink,Wainscott_0_garden,Wainscott_0_int,,1,0,1,Adriel,0,
making a meal,Wainscott_0_garden,Wainscott_0_int,,1,0,1,Adriel,0,
making a snack,Wainscott_0_garden,Wainscott_0_int,,1,0,1,Adriel,0,
making coffee,Wainscott_0_garden,Wainscott_0_int,,1,0,1,Elizabeth,0,
making photocopies,office_cubicles_left,office_cubicles_right,office_large,1,0,1,Abdullah,0,
making the bed,Beechwood_1_int,Benevolence_2_int,hotel_suite_large,1,0,1,Adriel,0,
melt white chocolate,Wainscott_0_garden,Wainscott_0_int,,1,0,1,Adriel,0,
mixing drinks,Wainscott_0_garden,Wainscott_0_int,,1,0,1,Adriel,0,
mopping the kitchen floor,Wainscott_0_garden,Wainscott_0_int,,1,0,1,Tess,0,
moving stuff to storage,Ihlen_0_int,Merom_0_garden,Merom_0_int,1,0,1,Tess,0,
mowing the lawn,Pomaria_0_garden,Rs_garden,Wainscott_0_garden,1,0,1,Tess,0,
mulching,house_double_floor_lower,Merom_0_garden,Pomaria_0_garden,1,0,1,Adriel,0,
opening doors,Beechwood_0_garden,Beechwood_0_int,Beechwood_1_int,1,0,1,Malik,0,
opening windows,Beechwood_0_garden,Beechwood_0_int,Benevolence_1_int,1,0,1,Malik,0,
organise a linen closet,house_single_floor,,,1,0,1,Malik,0,
organizing art supplies,Beechwood_0_garden,house_single_floor,Merom_0_garden,1,0,1,Malik,0,
organizing items for yard sale,Beechwood_0_garden,house_single_floor,Merom_0_garden,1,0,1,Malik,0,
organizing office documents,office_vendor_machine,office_cubicles_left,,1,0,1,Malik,0,
organizing skating stuff,Benevolence_0_int,house_single_floor,house_single_floor,1,0,1,Malik,0,
organizing volunteer materials,Benevolence_0_int,house_single_floor,house_single_floor,1,0,1,Malik,0,
outfit a basic toolbox,Benevolence_0_int,house_single_floor,house_single_floor,1,0,1,Malik,0,
pack a beach bag,Benevolence_0_int,house_single_floor,house_single_floor,1,0,1,Malik,0,
pack a pencil case,Benevolence_0_int,house_single_floor,house_single_floor,1,0,1,Malik,0,
pack for the pool,house_single_floor,house_double_floor_lower,Wainscott_0_garden,1,0,1,Malik,0,
pack your gym bag,house_single_floor,house_double_floor_lower,Wainscott_0_garden,1,0,1,Malik,0,
packing art supplies into car,house_double_floor_lower,Merom_0_garden,Pomaria_0_garden,1,0,1,Malik,0,
packing books into car,house_double_floor_lower,Merom_0_garden,Pomaria_0_garden,1,0,1,Malik,0,
packing car for trip,house_double_floor_lower,Merom_0_garden,Pomaria_0_garden,1,0,1,Malik,0,
packing child's supplies into car,house_double_floor_lower,Merom_0_garden,Pomaria_0_garden,1,0,1,Malik,0,
packing cleaning suppies into car,house_double_floor_lower,Merom_0_garden,Pomaria_0_garden,1,0,1,Malik,0,
packing documents into car,house_double_floor_lower,Merom_0_garden,Pomaria_0_garden,1,0,1,Malik,0,
packing fishing gear into car,house_double_floor_lower,Merom_0_garden,Pomaria_0_garden,1,0,1,Malik,0,
packing grocery bags into car,house_double_floor_lower,Merom_0_garden,Pomaria_0_garden,1,0,1,Iqbal,0,
packing hiking equipment into car,house_double_floor_lower,Merom_0_garden,Pomaria_0_garden,1,0,1,Iqbal,0,
packing hobby equipment,Beechwood_0_garden,house_single_floor,Merom_0_garden,1,0,1,Iqbal,0,
packing meal for delivery,restaurant_urban,Ihlen_1_int,Rs_garden,1,0,1,Iqbal,0,
packing moving van,Beechwood_0_garden,Merom_0_garden,Wainscott_0_garden,1,0,1,Iqbal,0,
packing picnic food into car,Merom_0_garden,Pomaria_0_garden,Wainscott_0_garden,1,0,1,Iqbal,0,
packing picnic into car,Beechwood_0_garden,house_double_floor_lower,Merom_0_garden,1,0,1,Iqbal,0,
packing recreational vehicle for trip,Pomaria_0_garden,Merom_0_garden,house_double_floor_lower,1,0,1,Iqbal,0,
packing sports equipment into car,Merom_0_garden,house_double_floor_lower,Pomaria_0_garden,1,0,1,Iqbal,0,
painting house exterior,house_single_floor,house_double_floor_lower,Rs_garden,1,0,1,Iqbal,0,
painting porch,house_single_floor,Beechwood_0_garden,Wainscott_0_garden,1,0,1,Iqbal,0,
passing out drinks,restaurant_brunch,Wainscott_0_garden,restaurant_asian,1,0,1,Iqbal,0,
paying for purchases,restaurant_cafeteria,restaurant_diner,restaurant_urban,1,0,1,Iqbal,0,
picking fruit and vegetables,grocery_store_asian,grocery_store_half_stocked,grocery_store_cafe,1,0,1,Iqbal,0,
picking up baggage,grocery_store_cafe,grocery_store_half_stocked,grocery_store_asian,1,0,1,Iqbal,0,
picking up books at library,office_large,,,1,0,1,Iqbal,0,
picking up clothes,Beechwood_1_int,house_single_floor,Merom_0_int,1,0,1,Iqbal,0,
picking up litter,Rs_garden,Pomaria_0_garden,house_single_floor,1,0,1,Tess,0,
picking up prescriptions,grocery_store_half_stocked,grocery_store_cafe,grocery_store_convenience,1,0,1,Iqbal,0,
picking up toys,Beechwood_1_int,Merom_0_garden,Merom_0_int,1,0,1,Iqbal,0,
picking vegetables in garden,Rs_garden,house_double_floor_lower,Wainscott_0_garden,1,0,1,Iqbal,0,
place houseplants around your home,Wainscott_0_int,Ihlen_0_int,Merom_1_int,1,0,1,Iqbal,0,
planting flowers,Rs_garden,Pomaria_0_garden,house_double_floor_lower,1,0,1,Iqbal,0,
planting plants,Rs_garden,Beechwood_0_garden,Wainscott_0_garden,1,0,1,Iqbal,0,
planting trees,house_single_floor,Merom_0_garden,house_double_floor_lower,1,0,1,Adriel,0,
planting vegetables,Rs_garden,house_single_floor,Beechwood_0_garden,1,0,1,Adriel,0,
polish copper,Beechwood_0_garden,Wainscott_1_int,Merom_0_int,1,0,1,Adriel,0,
polish cymbals,house_single_floor,Benevolence_0_int,house_single_floor,1,0,1,Tess,0,
polish gold,house_single_floor,Merom_0_int,Beechwood_0_garden,1,0,1,Tess,0,
polish pewter,Wainscott_1_int,Pomaria_1_int,house_single_floor,1,0,1,Tess,0,
polish rocks,house_single_floor,Pomaria_0_garden,Merom_0_garden,1,0,1,Tess,0,
polish wood floors,Merom_0_garden,Pomaria_1_int,Rs_garden,1,0,1,Tess,0,
polisha car,Merom_0_garden,Pomaria_0_garden,Wainscott_0_garden,1,0,1,Tess,0,
pour a glass of wine,restaurant_urban,restaurant_brunch,,1,0,1,Tess,0,
pour beer,restaurant_urban,restaurant_brunch,,1,0,1,Tess,0,
pouring water in a glass,restaurant_hotel,Merom_1_int,house_double_floor_lower,1,0,1,Tess,0,
praeparing lunch box,restaurant_asian,house_double_floor_lower,restaurant_brunch,1,0,1,Tess,0,
prepare a boat for fishing,Merom_0_garden,Rs_garden,house_double_floor_lower,1,0,1,Tess,0,
prepare a breakfast bar,Wainscott_0_garden,restaurant_brunch,Benevolence_1_int,1,0,1,Tess,0,
prepare a filling breakfast,Wainscott_0_garden,restaurant_cafeteria,restaurant_urban,1,0,1,Tess,0,
prepare a hanging basket,house_double_floor_lower,Pomaria_0_garden,Rs_garden,1,0,1,Tess,0,
prepare a raised bed garden,Rs_garden,house_single_floor,Beechwood_0_garden,1,0,1,Tess,0,
prepare a slow dinner party,restaurant_hotel,house_double_floor_lower,restaurant_cafeteria,1,0,1,Tess,0,
prepare an emergency school kit,school_computer_lab_and_infirmary,,,1,0,1,Tess,0,
prepare and cook prawns,restaurant_urban,Wainscott_0_garden,house_double_floor_lower,1,0,1,Tess,0,
prepare and cook scallops,restaurant_asian,restaurant_brunch,restaurant_cafeteria,1,0,1,Tess,0,
prepare and cook swiss chard,Rs_int,Beechwood_0_int,Wainscott_0_int,1,0,1,Abdullah,0,
prepare baking pans,Rs_int,Beechwood_0_int,Wainscott_0_int,1,0,1,Abdullah,0,
prepare grapefruit for serving,Rs_int,Beechwood_0_int,Wainscott_0_int,1,0,1,Abdullah,0,
prepare make ahead breakfast bowls,Rs_int,Beechwood_0_int,Wainscott_0_int,1,0,1,Abdullah,0,
prepare quinoa,restaurant_hotel,Wainscott_0_garden,Ihlen_1_int,1,0,1,Abdullah,0,
prepare sea salt soak,Wainscott_1_int,Pomaria_0_int,Ihlen_1_int,1,0,1,Abdullah,0,
prepare wine and cheese,restaurant_brunch,Wainscott_0_int,Benevolence_1_int,1,0,1,Abdullah,0,
prepare your garden for a cat,Rs_garden,Wainscott_0_garden,Merom_0_garden,1,0,1,Abdullah,0,
prepare your garden for winter,house_double_floor_lower,Merom_0_garden,Wainscott_0_garden,1,0,1,Abdullah,0,
preparing clothes for the next day,house_single_floor,,,1,0,1,Abdullah,0,
preparing existing coffee,grocery_store_cafe,restaurant_urban,,1,0,1,Abdullah,0,
preparing food for a fundraiser,restaurant_asian,restaurant_brunch,restaurant_cafeteria,1,0,1,Abdullah,0,
preparing food for adult,restaurant_urban,Beechwood_0_garden,Rs_int,1,0,1,Abdullah,0,
preparing food for company,house_single_floor,Wainscott_0_garden,Wainscott_0_int,1,0,1,Abdullah,0,
preparing food or drink for sale,restaurant_hotel,restaurant_cafeteria,restaurant_brunch,1,0,1,Abdullah,0,
preserving fruit,Rs_int,Wainscott_0_int,Rs_garden,1,0,1,Tess,0,
preserving meat,Benevolence_1_int,Ihlen_1_int,Pomaria_1_int,1,0,1,Tess,0,
preserving vegetables,restaurant_asian,Rs_int,restaurant_cafeteria,1,0,1,Tess,0,
put together a goodie bag,Wainscott_0_int,Rs_int,Pomaria_1_int,1,0,1,Abdullah,0,
put together a scrapping tool kit,Ihlen_0_int,house_double_floor_lower,,1,0,1,Abdullah,0,
put togethera basic pruning kit,Ihlen_0_int,house_double_floor_lower,,1,0,1,Abdullah,0,
puttiing away bicycles,Ihlen_0_int,house_double_floor_lower,,1,0,1,Abdullah,0,
putting away cleaning supplies,house_single_floor,Pomaria_1_int,Wainscott_1_int,1,0,1,Abdullah,0,
putting away games,house_double_floor_lower,Ihlen_0_int,,1,0,1,Iqbal,0,
putting away purchased clothes,Beechwood_1_int,house_single_floor,,1,0,1,Iqbal,0,
putting away tools,Ihlen_0_int,house_double_floor_lower,,1,0,1,Iqbal,0,
putting away yard equipment,house_double_floor_lower,house_single_floor,Pomaria_0_garden,1,0,1,Tess,0,
putting backpack in car for school,Beechwood_0_garden,house_double_floor_lower,Pomaria_0_garden,1,0,1,Iqbal,0,
putting bike in garage,Ihlen_0_int,house_double_floor_lower,,1,0,1,Iqbal,0,
putting birdseed in cage,Merom_1_int,Ihlen_0_int,Merom_0_garden,1,0,1,Iqbal,0,
putting clean laundry away,Wainscott_0_int,Wainscott_1_int,Wainscott_0_garden,1,0,1,Tess,0,
putting clothes in storage,Ihlen_0_int,Merom_0_int,Benevolence_1_int,1,0,1,Iqbal,0,
putting clothes into closet,house_single_floor,,,1,1,1,Iqbal,0,
putting dirty dishes in sink,Wainscott_0_int,Ihlen_1_int,restaurant_cafeteria,1,0,1,Iqbal,0,
putting food in fridge,restaurant_hotel,Rs_int,Beechwood_0_int,1,0,1,Iqbal,0,
putting in a hot tub,Wainscott_0_garden,house_double_floor_lower,house_single_floor,1,0,1,Iqbal,0,
putting in a pool,house_double_floor_lower,Merom_0_garden,Pomaria_0_garden,1,0,1,Iqbal,0,
putting laundry in drawer,house_single_floor,,,1,0,1,Tess,0,
putting meal in fridge at work,office_large,,,1,0,1,Iqbal,0,
putting meal on plate,Rs_garden,Rs_int,restaurant_hotel,1,1,1,Iqbal,0,
putting on license plates,house_double_floor_lower,Pomaria_0_garden,Pomaria_0_garden,1,0,1,Iqbal,0,
putting on registration stickers,Merom_0_garden,Beechwood_0_garden,house_double_floor_lower,1,0,1,Abdullah,0,
putting on tags (car),Beechwood_0_garden,house_double_floor_lower,Merom_0_garden,1,0,1,Abdullah,0,
putting out cat food,Beechwood_0_garden,Merom_0_garden,Rs_garden,1,0,1,Abdullah,0,
putting out clean towels,hotel_suite_large,hotel_suite_small,Ihlen_1_int,1,0,1,Abdullah,0,
putting out condiments,Pomaria_1_int,Wainscott_0_int,Rs_int,1,0,1,Abdullah,0,
putting out dog food,Merom_0_garden,Merom_0_int,house_double_floor_lower,1,0,1,Abdullah,0,
putting pesticides on lawn,house_double_floor_lower,Merom_0_garden,Wainscott_0_garden,1,0,1,Abdullah,0,
putting protective cover on vehicle,Pomaria_0_garden,house_double_floor_lower,Merom_0_garden,1,0,1,Abdullah,0,
putting roast in oven,restaurant_asian,house_double_floor_lower,restaurant_urban,1,0,1,Abdullah,0,
putting shoes on rack,Ihlen_0_int,,,1,0,1,Abdullah,0,
putting shopping away,house_single_floor,Wainscott_0_garden,Wainscott_0_int,1,0,1,Abdullah,0,
putting tablecloth on table,restaurant_urban,Wainscott_0_garden,Wainscott_0_int,1,0,1,Abdullah,0,
putting towels in bathroom,Wainscott_1_int,Pomaria_2_int,Merom_1_int,1,0,1,Abdullah,0,
putting up Christmas decorations outside,Pomaria_0_garden,Merom_0_garden,Wainscott_0_garden,1,0,1,Abdullah,0,
putting up Christmas lights inside,Wainscott_0_int,house_single_floor,Merom_0_garden,1,0,1,Abdullah,0,
putting up Christmas lights outside,Pomaria_0_garden,Beechwood_0_garden,house_single_floor,1,0,1,Kristin,0,
putting up outdoor holiday decorations,Rs_garden,house_single_floor,Merom_0_garden,1,0,1,Kristin,0,
putting up posters,Wainscott_1_int,Pomaria_2_int,Ihlen_1_int,1,0,1,Areeba,0,
putting up shelves,Wainscott_0_int,school_geography,hall_train_station,1,1,1,Abdullah,0,
putting up wallpaper,Wainscott_0_int,house_single_floor,,1,0,1,Areeba,0,
putting wood in fireplace,house_single_floor,,,1,0,1,Areeba,0,
rack wine,house_double_floor_lower,Wainscott_0_garden,Rs_garden,1,0,1,Areeba,0,
raking leaves,Pomaria_0_garden,Rs_garden,Beechwood_0_garden,1,0,1,Abdullah,0,
rearrange your room,hotel_suite_large,Pomaria_2_int,Rs_int,1,1,1,Iqbal,0,
rearranging kitchen furniture,Pomaria_1_int,Wainscott_0_garden,Beechwood_0_int,1,1,1,Iqbal,0,
recycling glass bottles,restaurant_hotel,restaurant_cafeteria,house_double_floor_lower,1,0,1,Areeba,0,
recycling newspapers,Beechwood_0_int,office_large,Pomaria_0_int,1,0,1,Areeba,0,
recycling office papers,Beechwood_0_int,office_large,office_cubicles_left,1,0,1,Areeba,0,
reheat frozen or chilled food,Beechwood_0_int,Rs_int,Pomaria_1_int,1,0,1,Areeba,0,
remove a broken light bulb,house_single_floor,Wainscott_0_garden,,1,0,1,Kristin,0,
remove a wall mirror,Wainscott_0_int,Merom_1_int,Wainscott_1_int,1,0,1,Kristin,0,
remove hard water spots,house_single_floor,house_double_floor_upper,,1,0,1,Tess,0,
remove ice from gutters,Pomaria_0_garden,Rs_garden,Beechwood_0_garden,1,0,1,Tess,0,
remove scorch marks,Wainscott_0_int,house_single_floor,Beechwood_0_int,1,0,1,Adriel,0,
remove sod,house_single_floor,Pomaria_0_garden,Beechwood_0_garden,1,0,1,Kristin,0,
remove spots from linen,house_single_floor,Merom_0_int,house_double_floor_lower,1,0,1,Abdullah,0,
removing ice from walkways,Wainscott_0_garden,house_double_floor_lower,Merom_0_garden,1,0,1,Abdullah,0,
removing lint from dryer,Pomaria_1_int,Wainscott_1_int,house_single_floor,1,0,1,Kristin,0,
repairs to furniture,house_double_floor_lower,Ihlen_0_int,,1,0,1,Abdullah,0,
replacing screens,Wainscott_0_garden,Pomaria_2_int,Pomaria_0_int,1,0,1,Adriel,0,
returning consumer goods,grocery_store_asian,grocery_store_cafe,grocery_store_convenience,1,0,1,Kristin,0,
returning videotapes to store,grocery_store_half_stocked,grocery_store_convenience,grocery_store_asian,1,0,1,Kristin,0,
rinsing dishes,Rs_int,Wainscott_0_garden,restaurant_hotel,1,0,1,Adriel,0,
roast meat,house_double_floor_lower,Merom_1_int,restaurant_cafeteria,1,0,1,Kristin,0,
roast nuts,Rs_garden,Beechwood_0_garden,house_double_floor_lower,1,0,1,Kristin,0,
roast vegetables,Merom_1_int,house_double_floor_lower,restaurant_cafeteria,1,0,1,Kristin,0,
sanding wood furniture,house_double_floor_lower,Ihlen_0_int,,1,0,1,Adriel,0,
saute vegetables,Ihlen_1_int,house_double_floor_lower,restaurant_asian,1,0,1,Kristin,0,
scraping snow off vehicle,Merom_0_garden,Pomaria_0_garden,Wainscott_0_garden,1,0,1,Abdullah,0,
scrubbing bathroom floor,Ihlen_1_int,Merom_0_garden,Merom_1_int,1,0,1,Abdullah,0,
selling products at flea market,grocery_store_convenience,grocery_store_half_stocked,grocery_store_asian,1,0,1,Myra,0,
sending packages,Wainscott_0_garden,Rs_garden,Beechwood_0_garden,1,0,1,Myra,0,
serving food at a homeless shelter,Wainscott_0_int,Wainscott_0_garden,restaurant_diner,1,0,1,Myra,0,
serving food on the table,restaurant_brunch,Wainscott_0_garden,Beechwood_0_int,1,0,1,Myra,0,
set a dinner table,Ihlen_0_int,Ihlen_1_int,Benevolence_1_int,1,0,1,Myra,0,
set a fancy table,Ihlen_0_int,Benevolence_1_int,restaurant_hotel,1,0,1,Myra,0,
set a table for a tea party,Ihlen_1_int,restaurant_asian,Beechwood_0_garden,1,0,1,Myra,0,
set up a bird cage,restaurant_urban,Wainscott_0_int,Ihlen_1_int,1,0,1,Elizabeth,0,
set up a buffet,Beechwood_0_garden,Wainscott_0_int,restaurant_cafeteria,1,0,1,Elizabeth,0,
set up a coffee station in your kitchen,Wainscott_0_int,Benevolence_1_int,Rs_int,1,0,1,Elizabeth,0,
set up a guinea pig cage,Beechwood_0_int,Ihlen_0_int,Wainscott_0_int,1,0,1,Elizabeth,0,
set up a home office in your garage,Ihlen_0_int,house_double_floor_lower,,1,0,1,Elizabeth,0,
set up a hot dog bar,Pomaria_0_garden,Merom_0_garden,Beechwood_0_garden,1,0,1,Elizabeth,0,
set up a mouse cage,house_single_floor,Wainscott_0_garden,,1,0,1,Elizabeth,0,
set up a preschool classroom,school_geography,,,1,0,1,Elizabeth,0,
set up a webcam,office_vendor_machine,office_bike,,1,0,1,Elizabeth,0,
set up two computer monitors,office_bike,office_vendor_machine,,1,0,1,Elizabeth,0,
setting table for coffee,restaurant_hotel,Wainscott_0_garden,Merom_1_int,1,0,1,Elizabeth,0,
setting the fire,house_single_floor,,,1,0,1,Elizabeth,0,
setting the table,Beechwood_0_int,Ihlen_0_int,restaurant_cafeteria,1,0,1,Elizabeth,0,
setting up bedroom for guest,house_double_floor_upper,Ihlen_1_int,Pomaria_0_int,1,0,1,Elizabeth,0,
setting up for an event,Beechwood_0_garden,Wainscott_0_garden,Merom_0_garden,1,0,1,Elizabeth,0,
setting up garden furniture,Pomaria_0_garden,Merom_0_garden,house_double_floor_lower,1,1,1,Iqbal,0,
setting up living room for guest,house_single_floor,Wainscott_0_int,Wainscott_0_garden,1,0,1,Tess,0,
setting up room for a movie,Rs_int,Merom_0_int,Merom_0_garden,1,0,1,Tess,0,
setting up room for games,house_double_floor_lower,Ihlen_0_int,,1,0,1,Tess,0,
setting up silent auction,office_bike,office_vendor_machine,,1,0,1,Tess,0,
setting up toy train track,Rs_int,Pomaria_1_int,Merom_0_int,1,0,1,Tess,0,
setup a baby crib,Beechwood_1_int,Merom_1_int,house_single_floor,1,0,1,Tess,0,
setup a bar for a cocktail party,restaurant_urban,restaurant_brunch,,1,0,1,Tess,0,
setup a fish tank,Wainscott_0_garden,Wainscott_0_int,,1,0,1,Tess,0,
setup a garden party,Beechwood_0_garden,Merom_0_garden,Wainscott_0_garden,1,0,1,Tess,0,
setup a trampoline,house_single_floor,Pomaria_0_garden,Rs_garden,1,0,1,Tess,0,
shampooing carpet,Beechwood_0_garden,house_single_floor,Merom_0_garden,1,0,1,Myra,0,
shopping at warehouse stores,grocery_store_asian,grocery_store_cafe,grocery_store_half_stocked,1,0,1,Tess,0,
shoveling coal,Merom_0_garden,house_double_floor_lower,Rs_garden,1,0,1,Myra,0,
shoveling snow,Rs_garden,Wainscott_0_garden,Beechwood_0_garden,1,0,1,Myra,0,
slicing vegetables,Merom_1_int,Beechwood_0_int,Wainscott_0_int,1,0,1,Myra,0,
sorting art supplies,house_double_floor_lower,Ihlen_1_int,Rs_int,1,0,1,Myra,0,
sorting books on shelf,Rs_int,Ihlen_0_int,house_double_floor_lower,1,0,1,Myra,0,
"sorting bottles, cans, and paper",house_double_floor_lower,Ihlen_0_int,,1,0,1,Tess,0,
sorting clothes,Beechwood_1_int,house_single_floor,,1,0,1,Tess,0,
sorting clothing,Beechwood_1_int,house_single_floor,,1,0,1,Tess,0,
sorting household items,Rs_int,Ihlen_0_int,Merom_0_int,1,0,1,Myra,0,
sorting items for garage sale,house_double_floor_lower,Ihlen_0_int,,1,0,1,Myra,0,
sorting laundry,Beechwood_0_garden,house_single_floor,Pomaria_1_int,1,0,1,Myra,0,
sorting newspapers for recycling,Beechwood_0_int,office_large,Pomaria_0_int,1,0,1,Myra,0,
sorting potatoes,Ihlen_1_int,house_double_floor_lower,Benevolence_1_int,1,0,1,Myra,0,
sorting vegetables,restaurant_cafeteria,restaurant_asian,Wainscott_0_garden,1,0,1,Myra,0,
sorting volunteer materials,Benevolence_1_int,Ihlen_1_int,Wainscott_0_int,1,0,1,Myra,0,
spray stucco,Pomaria_0_garden,Wainscott_0_garden,house_single_floor,1,0,1,Tess,0,
spraying for bugs,Pomaria_0_garden,house_single_floor,Beechwood_0_garden,1,0,1,Myra,0,
spraying fruit trees,Beechwood_0_garden,Merom_0_garden,Rs_garden,1,0,1,Myra,0,
spring clean your skateboard,house_double_floor_lower,Ihlen_0_int,,1,0,1,Myra,0,
stacking wood,Beechwood_0_garden,house_double_floor_lower,Wainscott_0_garden,1,0,1,Myra,0,
staining wood furniture,house_double_floor_lower,Ihlen_0_int,,1,0,1,Myra,0,
stash snacks in your room,Wainscott_1_int,Beechwood_1_int,Ihlen_1_int,1,0,1,Myra,0,
stock a bar,restaurant_urban,restaurant_brunch,,1,0,1,Tess,0,
stock a bar cart,Wainscott_0_garden,house_double_floor_lower,Merom_0_garden,1,0,1,Myra,0,
stock grocery shelves,grocery_store_asian,grocery_store_cafe,grocery_store_half_stocked,1,0,1,Myra,0,
store a fur coat,house_single_floor,,,1,0,1,Myra,0,
store a kayak,house_double_floor_lower,Ihlen_0_int,,1,0,1,Myra,0,
store a quilt,house_single_floor,,,1,0,1,Myra,0,
store an uncooked turkey,Merom_1_int,Ihlen_1_int,Pomaria_1_int,1,0,1,Myra,0,
store baby clothes,Merom_0_int,Beechwood_1_int,house_single_floor,1,0,1,Myra,0,
store baking soda,Wainscott_0_int,Rs_int,restaurant_cafeteria,1,0,1,Myra,0,
store batteries,Wainscott_0_int,Rs_int,restaurant_cafeteria,1,0,1,Myra,0,
store beer,Merom_1_int,Ihlen_1_int,Pomaria_1_int,1,0,1,Myra,0,
store bobby pins,house_single_floor,,,1,0,1,Myra,0,
store brownies,Merom_1_int,Ihlen_1_int,Pomaria_1_int,1,0,1,Myra,0,
store christmas lights,house_double_floor_lower,Ihlen_0_int,,1,0,1,Myra,0,
store coffee beans or ground coffee,Wainscott_0_int,Rs_int,restaurant_cafeteria,1,0,1,Myra,0,
store daffodil bulbs,Merom_1_int,Ihlen_1_int,Pomaria_1_int,1,0,1,Myra,0,
store dahlia bulbs,Merom_0_garden,,,1,0,1,Elizabeth,0,
store eggs,Merom_1_int,Ihlen_1_int,Pomaria_1_int,1,0,1,Elizabeth,0,
store feta cheese,Merom_1_int,Ihlen_1_int,Pomaria_1_int,1,0,1,Elizabeth,0,
store firewood,house_single_floor,,,1,0,1,Elizabeth,0,
store firewood outdoors,Pomaria_0_garden,house_double_floor_lower,house_single_floor,1,0,1,Elizabeth,0,
store honey,Wainscott_0_int,Rs_int,restaurant_cafeteria,1,0,1,Elizabeth,0,
store loose leaf tea,Wainscott_0_int,Rs_int,restaurant_cafeteria,1,0,1,Elizabeth,0,
store nuts,Wainscott_0_int,Rs_int,restaurant_cafeteria,1,0,1,Elizabeth,0,
store produce,Merom_1_int,Ihlen_1_int,Pomaria_1_int,1,0,1,Elizabeth,0,
store rugs,house_single_floor,,,1,0,1,Elizabeth,0,
store silver coins,Wainscott_1_int,Beechwood_0_garden,,1,0,1,Elizabeth,0,
store tulip bulbs,Merom_1_int,Ihlen_1_int,Pomaria_1_int,1,0,1,Elizabeth,0,
store vintage linens,Beechwood_1_int,house_single_floor,,1,0,1,Elizabeth,0,
store vodka,Wainscott_0_int,Rs_int,restaurant_cafeteria,1,0,1,Elizabeth,0,
store whole grains,Wainscott_0_int,Rs_int,restaurant_cafeteria,1,0,1,Elizabeth,0,
store winter coats,Beechwood_1_int,house_single_floor,,1,0,1,Elizabeth,0,
stripping furniture,house_double_floor_lower,Ihlen_0_int,,1,0,1,Myra,0,
sweeping floors,Wainscott_1_int,restaurant_diner,restaurant_cafeteria,1,0,1,Myra,0,
sweeping garage,Ihlen_0_int,house_double_floor_lower,,1,0,1,Myra,0,
sweeping outside entrance,Rs_int,Benevolence_0_int,Rs_garden,1,0,1,Myra,0,
sweeping patio,Wainscott_0_garden,house_double_floor_lower,Pomaria_0_garden,1,0,1,Myra,0,
sweeping porch,Pomaria_0_garden,Rs_garden,Beechwood_0_garden,1,0,1,Myra,0,
sweeping steps,Ihlen_1_int,Merom_1_int,,1,0,1,Myra,0,
taking clothes off of the drying rack,Beechwood_0_int,Benevolence_1_int,house_double_floor_lower,1,0,1,Tess,0,
taking clothes off the line,Beechwood_0_garden,Wainscott_0_garden,Rs_garden,1,0,1,Tess,0,
taking clothes out of the dryer,Beechwood_0_int,Merom_0_int,Pomaria_1_int,1,0,1,Myra,0,
taking clothes out of washer,Beechwood_0_int,Merom_0_int,Pomaria_1_int,1,0,1,Myra,0,
taking down curtains,house_double_floor_upper,,,1,0,1,Myra,0,
taking fish out of freezer,grocery_store_asian,grocery_store_convenience,,1,0,1,Myra,0,
taking trash outside,Beechwood_0_garden,Merom_0_garden,Rs_garden,1,0,1,Myra,0,
thaw frozen fish,restaurant_asian,restaurant_hotel,restaurant_urban,1,0,1,Myra,0,
throwing out used napkins,restaurant_asian,restaurant_hotel,restaurant_urban,1,0,1,Adriel,0,
tidy your garden,Beechwood_0_garden,house_single_floor,house_double_floor_lower,1,0,1,Adriel,0,
tidying bathroom,school_chemistry,office_cubicles_left,Pomaria_0_garden,1,0,1,Myra,0,
tidying bedroom,house_double_floor_upper,Ihlen_1_int,Pomaria_0_int,1,0,1,Adriel,0,
tidying living room,house_single_floor,Ihlen_0_int,Merom_0_int,1,0,1,Adriel,0,
tidying up wardrobe,house_single_floor,,,1,0,1,Adriel,0,
toast buns,Beechwood_0_int,Benevolence_1_int,house_double_floor_lower,1,0,1,Adriel,0,
toast coconut,house_single_floor,Wainscott_0_garden,,1,0,1,Adriel,0,
toast sunflower seeds,Beechwood_0_int,Benevolence_1_int,house_double_floor_lower,1,0,1,Adriel,0,
treating clothes,Beechwood_0_int,Merom_0_int,Pomaria_1_int,1,0,1,Adriel,0,
treating spot,Wainscott_0_garden,Wainscott_0_int,,1,0,1,Adriel,0,
treating stains,Merom_0_garden,Benevolence_2_int,Beechwood_0_garden,1,0,1,Adriel,0,
turn off a normal school calculator,house_double_floor_lower,Beechwood_0_int,Beechwood_1_int,1,0,1,Adriel,0,
turning off the hot tub,hotel_gym_spa,,,1,0,1,Adriel,0,
turning on radio,house_double_floor_lower,Beechwood_0_int,Beechwood_1_int,1,0,1,Adriel,0,
turning on the hot tub,hotel_gym_spa,,,1,0,1,Adriel,0,
turning out all lights before sleep,restaurant_hotel,restaurant_urban,house_single_floor,1,0,1,Adriel,0,
turning sprinkler off,school_computer_lab_and_infirmary,school_chemistry,school_biology,1,0,1,Adriel,0,
turning sprinkler on,school_computer_lab_and_infirmary,school_chemistry,school_biology,1,0,1,Adriel,0,
unhook a fish,Beechwood_0_int,Pomaria_1_int,restaurant_asian,1,0,1,Adriel,0,
unloading groceries,Beechwood_0_int,Benevolence_1_int,house_double_floor_lower,1,0,1,Adriel,0,
unloading shopping from car,Beechwood_0_garden,house_double_floor_lower,Merom_0_garden,1,0,1,Myra,0,
unloading shopping items,Beechwood_0_garden,house_double_floor_lower,Merom_0_garden,1,0,1,Myra,0,
unloading the car,Beechwood_0_garden,house_double_floor_lower,Merom_0_garden,1,0,1,Malik,0,
unpacking car for trip,Beechwood_0_garden,house_double_floor_lower,Merom_0_garden,1,0,1,Myra,0,
unpacking child's bag,Beechwood_1_int,Benevolence_2_int,house_single_floor,1,0,1,Myra,0,
unpacking hobby equipment,Beechwood_0_garden,house_double_floor_lower,Merom_0_garden,1,0,1,Kristin,0,
unpacking moving van,Beechwood_0_garden,house_double_floor_lower,Merom_0_garden,1,0,1,Malik,0,
unpacking recreational vehicle for trip,Beechwood_0_garden,house_double_floor_lower,Merom_0_garden,1,0,1,Myra,0,
vacuuming vehicles,Beechwood_0_garden,house_double_floor_lower,Merom_0_garden,1,0,1,Malik,0,
warm tortillas,house_double_floor_lower,Wainscott_0_int,restaurant_cafeteria,1,0,1,Kristin,0,
wash a backpack,house_single_floor,Beechwood_0_garden,Merom_0_int,1,0,1,Kristin,0,
wash a baseball cap,house_single_floor,Beechwood_0_garden,Merom_0_int,1,0,1,Kristin,0,
wash a bra,house_single_floor,Beechwood_0_garden,Merom_0_int,1,0,1,Kristin,0,
wash a leotard,house_single_floor,Beechwood_0_garden,Merom_0_int,1,0,1,Kristin,0,
wash a motorcycle,Pomaria_0_garden,Rs_garden,Wainscott_0_garden,1,0,1,Kristin,0,
wash a wool coat,house_single_floor,Beechwood_0_garden,Merom_0_int,1,0,1,Kristin,0,
wash an infant car seat,Ihlen_0_int,house_double_floor_lower,,1,0,1,Kristin,0,
wash baby bottles,Beechwood_0_garden,Benevolence_1_int,Ihlen_1_int,1,0,1,Kristin,0,
wash delicates in the laundry,house_single_floor,Beechwood_0_garden,Merom_0_int,1,0,1,Kristin,0,
wash dog toys,Wainscott_1_int,Pomaria_1_int,house_single_floor,1,0,1,Kristin,0,
wash duvets,house_single_floor,Beechwood_0_garden,Merom_0_int,1,0,1,Kristin,0,
wash fruit and vegetables,Beechwood_0_garden,Benevolence_1_int,Ihlen_1_int,1,0,1,Kristin,0,
wash goalkeeper gloves,house_single_floor,Beechwood_0_garden,Merom_0_int,1,0,1,Kristin,0,
wash grapes,Beechwood_0_garden,Benevolence_1_int,Ihlen_1_int,1,0,1,Kristin,0,
wash jeans,house_single_floor,Beechwood_0_garden,Merom_0_int,1,0,1,Kristin,0,
wash lettuce,Beechwood_0_garden,Benevolence_1_int,Ihlen_1_int,1,0,1,Kristin,0,
wash towels,house_double_floor_lower,school_gym,Wainscott_0_int,1,0,1,Malik,0,
wash your bike,Pomaria_0_garden,Rs_garden,Wainscott_0_garden,1,0,1,Kristin,0,
wash your rings,Wainscott_0_int,house_single_floor,Merom_0_int,1,0,1,Kristin,0,
washing bowls,house_single_floor,restaurant_asian,restaurant_brunch,1,0,1,Malik,0,
washing curtains,Beechwood_0_garden,Merom_0_int,house_single_floor,1,0,1,Malik,0,
washing fabrics,Pomaria_1_int,Ihlen_0_int,Benevolence_2_int,1,0,1,Malik,0,
washing outside walls,Merom_0_garden,Pomaria_0_garden,Beechwood_0_garden,1,0,1,Malik,0,
washing outside windows,Rs_garden,Wainscott_0_garden,Beechwood_0_garden,1,0,1,Malik,0,
washing plates,grocery_store_cafe,house_single_floor,restaurant_asian,1,0,1,Malik,0,
washing utensils,Rs_int,restaurant_hotel,Pomaria_1_int,1,0,1,Malik,0,
washing vegetables,restaurant_asian,restaurant_brunch,Rs_garden,1,0,1,Malik,0,
washing walls,Merom_0_garden,Pomaria_0_garden,,1,0,1,Malik,0,
washing windows,Beechwood_0_garden,Beechwood_0_int,grocery_store_convenience,1,0,1,Malik,0,
water your lawn efficiently,Pomaria_0_garden,Merom_0_garden,Rs_garden,1,0,1,Malik,0,
watering indoor flowers,house_double_floor_lower,,,1,0,1,Malik,0,
watering outdoor flowers,Pomaria_0_garden,Wainscott_0_garden,,1,0,1,Malik,0,
watering outdoor plants,Wainscott_0_garden,Merom_0_garden,house_single_floor,1,0,1,Malik,0,
waxing floors,Wainscott_0_garden,restaurant_asian,restaurant_brunch,1,0,1,Malik,0,
wrap silverware,restaurant_cafeteria,restaurant_hotel,restaurant_urban,1,0,1,Malik,0,