Name,Synset State,Custom?,Leaf?,Definition,Parents,Children,Tasks,Direct Categories,Direct Objects,Total Objects,Requiring Task Count,Action,Done,Category,Label,Arg,Actual Object,Notes
acetone__atomizer.n.01,Not Ready,TRUE,TRUE,,"vessel.n.03,",,"clean_marker_off_a_doll-0,                         spring_clean_your_skateboard-0,",,0,0,2,GENERATE,,acetone_atomizer,ACETONE,atomizer.n.01,asztxi,change insource
acorn.n.01,Not Ready,FALSE,TRUE,fruit of the oak tree: a smooth thin-walled nut in a woody cup-shaped base,"fruit.n.01,",,"planting_trees-0,",,0,0,1,BUY,1,,,3dsmax oak nut (turbosquid.com),,
address.n.05,Not Ready,FALSE,TRUE,a sign in front of a house or business carrying the conventional form by which its location is described,"street_sign.n.01,",,"hanging_address_numbers-0,",,0,0,1,BUY,1,,,Low Poly Alphabet and Numbers 3D model - TurboSquid 1735615,,
allspice__shaker.n.01,Not Ready,TRUE,TRUE,,"container.n.01,",,"make_pumpkin_pie_spice-0,",,0,0,1,NONE,,,,,,
aluminum_foil.n.01,Not Ready,FALSE,TRUE,foil made of aluminum,"foil.n.01,",,"cleaning_up_plates_and_food-0,                         cook_bacon-0,                         cook_sweet_potatoes-0,                         freeze_lasagna-0,                         roast_meat-0,                         warm_tortillas-0,",,0,0,6,BUY,1,,,Disposable Aluminium Foil Baking Pan 3D model - TurboSquid 1997506,,need post processing
ammonia_water__atomizer.n.01,Not Ready,TRUE,TRUE,,"dispenser.n.01,",,"clean_soot_from_glass_lanterns-0,",,0,0,1,GENERATE,,ammonia_water_atomizer,AMMONIA WATER,atomizer.n.01,asztxi,
ammonia_water__bottle.n.01,Not Ready,TRUE,TRUE,,"vessel.n.03,",,"clean_jewels-0,",,0,0,1,REPLACE,,,,ammonia_water__atomizer.n.01,,change insource
baby_shoe.n.01,Not Ready,FALSE,TRUE,a shoe designed to be worn by infants,"shoe.n.01,",,"store_baby_clothes-0,",,0,0,1,BUY,1,,,3d max baby shoes (turbosquid.com),,
bag__of__mulch.n.01,Not Ready,TRUE,TRUE,,"grocery.n.02,",,"buy_mulch-0,                         buying_gardening_supplies-0,",,0,0,2,BUY,1,,,3d sack tied leather model (turbosquid.com),,
bag__of__rubbish.n.01,Not Ready,TRUE,TRUE,,"waste.n.01,",,"taking_trash_outside-0,",,0,0,1,BUY,1,,,gabrage bag 3d max (turbosquid.com),,
baking_powder__jar.n.01,Not Ready,TRUE,TRUE,,"vessel.n.03,",,"baking_cookies_for_the_PTA_bake_sale-0,                         baking_sugar_cookies-0,                         make_batter-0,                         make_biscuits-0,                         make_cake_mix-0,                         make_cookie_dough-0,                         make_cookies-0,                         make_muffins-0,                         make_waffles-0,",,0,0,9,GENERATE,,baking_powder_jar,BAKING POWDER,mason_jar.n.01,kijnrj,
bap.n.01,Not Ready,FALSE,TRUE,a small loaf or roll of soft bread,"bread.n.01,",,"grill_burgers-0,                         make_dinner_rolls-0,                         packing_grocery_bags_into_car-0,                         serving_food_on_the_table-0,                         toast_buns-0,",,0,0,5,REPLACE,,,,hamburger_bun.n.01,,
barbecue_sauce__bottle.n.01,Not Ready,TRUE,TRUE,,"vessel.n.03,",,"cook_pork_ribs-0,",,0,0,1,GENERATE,,barbecue_sauce_bottle,BARBECUE SAUCE,squeeze_bottle.n.01,uzmhdn,
basil__jar.n.01,Not Ready,TRUE,TRUE,,"vessel.n.03,",,"make_a_red_meat_sauce-0,",,0,0,1,GENERATE,,basil_jar,BASIL,mason_jar.n.01,kijnrj,
beef_broth__carton.n.01,Not Ready,TRUE,TRUE,,"box.n.01,",,"make_stew-0,",,0,0,1,GENERATE,,beef_broth_carton,BEEF BROTH,jug.n.01,quzmfw,
beef_roast.n.01,Not Ready,FALSE,TRUE,cut of beef suitable for roasting,"roast.n.01,",,"canning_food-0,",,0,0,1,REPLACE,,,,steak.n.01,,change diced as well
beer_bottle.n.01,Not Ready,FALSE,TRUE,a bottle that holds beer,"bottle.n.01,",,"clean_your_house_after_a_wild_party-0,                         make_citrus_punch-0,                         packing_picnic_into_car-0,                         passing_out_drinks-0,                         pour_beer-0,                         setting_up_for_an_event-0,                         setup_a_bar_for_a_cocktail_party-0,                         store_beer-0,",,0,0,8,NONE,,,,,,
beeswax.n.01,Not Ready,FALSE,TRUE,a yellow to brown wax secreted by honeybees to build honeycombs,"animal_product.n.01,                         wax.n.01,",,"buy_candle_making_supplies-0,",,0,0,1,REPLACE,,,,paraffin_wax.n.01,,
belt.n.02,Not Ready,FALSE,TRUE,a band to tie or buckle around the body (usually at the waist),"accessory.n.01,",,"buy_a_belt-0,                         clean_a_leather_belt-0,                         tidying_up_wardrobe-0,",,0,0,3,BUY,1,,,3D 3ds Max belt leather bukel (turbosquid.com),,
bicycle_chain.n.01,Not Ready,FALSE,TRUE,a chain that transmits the power from the pedals to the rear wheel of a bicycle,"chain.n.03,",,"lube_a_bicycle_chain-0,",,0,0,1,BUY,1,,,max bike chain (turbosquid.com),,
bicycle_rack.n.01,Not Ready,FALSE,TRUE,a rack for parking bicycles,"rack.n.01,",,"hang_a_bike_on_the_wall-0,                         unpacking_recreational_vehicle_for_trip-0,",,0,0,2,BUY,1,,,3D Single Cycle Stand Black model - TurboSquid 1943713,,need postprocessing (combine 2 into 1)
bird_feed__bag.n.01,Not Ready,TRUE,TRUE,,"container.n.01,",,"filling_the_bird_feeder-0,                         putting_birdseed_in_cage-0,",,0,0,2,GENERATE,,bird_feed_bag,BIRD FEED,gunnysack.n.01,endfho,
bleaching_agent__atomizer.n.01,Not Ready,TRUE,TRUE,,"vessel.n.03,",,"clean_a_loofah_or_natural_sponge-0,                         clean_a_sauna-0,                         clean_decking-0,                         clean_outdoor_tiles-0,                         clean_stucco-0,                         clean_your_house_after_a_wild_party-0,                         clean_your_laundry_room-0,",,0,0,7,GENERATE,,bleaching_agent_atomizer,BLEACHING AGENT,atomizer.n.01,asztxi,
board.n.02,Not Ready,FALSE,TRUE,a stout length of sawn timber; made in a wide variety of sizes and used for many purposes,"lumber.n.01,",,"clean_decking-0,",,0,0,1,BUY,1,,,3d model wood board (turbosquid.com),,
bok_choy.n.02,Not Ready,FALSE,TRUE,elongated head of dark green leaves on thick white stalks,"cabbage.n.01,",,"clean_bok_choy-0,                         cook_bok_choy-0,                         sorting_potatoes-0,                         sorting_vegetables-0,",,0,0,4,BUY,1,,,Choy model - TurboSquid 1544467,,not max file
bottle__of__analgesics.n.01,Not Ready,TRUE,TRUE,,"grocery.n.02,",,"make_a_military_care_package-0,",,0,0,1,REPLACE,,,,bottle__of__medicine.n.01,,
bottle__of__brandy.n.01,Not Ready,TRUE,TRUE,,"grocery.n.02,",,"stock_a_bar_cart-0,","bottle_of_brandy,",0,0,1,REPLACE,,,,bottle__of__whiskey.n.01,,
box__of__gum.n.01,Not Ready,TRUE,TRUE,,"grocery.n.02,",,"prepare_an_emergency_school_kit-0,",,0,0,1,REPLACE,,,,box__of__candy.n.01,,
bread_slice.n.01,Not Ready,TRUE,TRUE,,"bread.n.01,",,"cooking_lunch-0,                         make_a_sandwich-0,                         make_toast-0,",,0,0,3,NONE,,,,,,
broken__glass.n.01,Not Ready,TRUE,TRUE,,"container.n.01,",,"clean_up_broken_glass-0,",,0,0,1,BUY,1,,,broken beer bottle 3 3d model (turbosquid.com),,
broken__light_bulb.n.01,Not Ready,TRUE,TRUE,,"electric_lamp.n.01,",,"changing_bulbs-0,                         changing_light_bulbs-0,                         remove_a_broken_light_bulb-0,",,0,0,3,BUY,1,,,light bulb max (turbosquid.com),,need postprocessing (remove wire)
brown_bread.n.02,Not Ready,FALSE,TRUE,dark steamed bread made of cornmeal wheat and flour with molasses and soda and milk or water,"bread.n.01,",,"delivering_groceries_to_doorstep-0,",,0,0,1,REPLACE,,,,bread_slice.n.01,,
brown_rice__sack.n.01,Not Ready,TRUE,TRUE,,"bag.n.01,",,"cook_rice-0,",,0,0,1,GENERATE,,brown_rice_sack,BROWN RICE,gunnysack.n.01,endfho,
brown_sugar__sack.n.01,Not Ready,TRUE,TRUE,,"bag.n.01,",,"make_a_sugar_and_coffee_scrub-0,                         make_edible_chocolate_chip_cookie_dough-0,                         make_jamaican_jerk_seasoning-0,                         make_meatloaf-0,",,0,0,4,GENERATE,,brown_sugar_sack,BROWN SUGAR,gunnysack.n.01,endfho,
bust.n.03,Not Ready,FALSE,TRUE,a sculpture of the head and shoulders of a person,"sculpture.n.01,",,"setting_up_silent_auction-0,",,0,0,1,NONE,,,,,,
butter__package.n.01,Not Ready,TRUE,TRUE,,"container.n.01,",,"make_a_cheese_pastry-0,                         make_chocolate_spread-0,                         make_cookies-0,                         make_dinner_rolls-0,                         make_pastry-0,",,0,0,5,GENERATE,,butter_package,BUTTER,mason_jar.n.01,kijnrj,
can.n.01,Not Ready,FALSE,TRUE,airtight sealed metal container for food or drink or paint etc.,"container.n.01,",,"buy_food_for_camping-0,                         can_beans-0,                         sorting_bottles_cans_and_paper-0,",,0,0,3,BUY,1,,,"Metal 3D model - TurboSquid 1391854
https://www.turbosquid.com/3d-models/rectangular-tin-can-3d-model-1824407",,
can__of__cat_food.n.01,Not Ready,TRUE,TRUE,,"grocery.n.02,",,"stock_grocery_shelves-0,",,0,0,1,BUY,1,,,3D Pet food tins set - TurboSquid 1749884,,
can__of__dog_food.n.01,Not Ready,TRUE,TRUE,,"grocery.n.02,",,"buy_dog_food-0,                         buy_pet_food_for_less-0,",,0,0,2,NONE,,,,,,
infant_car_seat.n.01,Not Ready,FALSE,TRUE,a seat in a car,"seat.n.04,",,"wash_an_infant_car_seat-0,",,0,0,1,BUY,1,,,Realistic baby car seat model - TurboSquid 1246321,,
car_wheel.n.01,Not Ready,FALSE,TRUE,a wheel that has a tire and rim and hubcap; used to propel the car,"wheel.n.01,",,"clean_black_rims-0,",,0,0,1,BUY,1,,,Free 3D car tire - TurboSquid 1239665,,
cat_food__tin.n.01,Not Ready,TRUE,TRUE,,"container.n.01,",,"putting_out_cat_food-0,",,0,0,1,NONE,,,,,,
catsup__bottle.n.01,Not Ready,TRUE,TRUE,,"vessel.n.03,",,"make_meatloaf-0,",,0,0,1,GENERATE,,catsup_bottle,CATSUP,squeeze_bottle.n.01,uzmhdn,
cayenne__shaker.n.01,Not Ready,TRUE,TRUE,,"container.n.01,",,"make_jamaican_jerk_seasoning-0,                         prepare_and_cook_swiss_chard-0,",,0,0,2,GENERATE,,cayenne_shaker,CAYENNE,shaker.n.03,nbjgci,
cement.n.01,Not Ready,FALSE,TRUE,concrete pavement is sometimes referred to as cement,"concrete.n.01,",,"clean_cement-0,",,0,0,1,BUY,1,,,3D Concrete Block model - TurboSquid 2028007,,
cereal_box.n.01,Not Ready,FALSE,TRUE,a paper box in which breakfast cereals are sold,"box.n.01,",,"putting_shopping_away-0,",,0,0,1,REPLACE,,,,box__of__cereal.n.01,,
chalice.n.01,Not Ready,FALSE,TRUE,a bowl-shaped drinking vessel; especially the Eucharistic cup,"cup.n.01,",,"cleaning_cups_in_living_room-0,                         cleaning_glasses_off_bar-0,                         pour_a_glass_of_wine-0,                         prepare_a_slow_dinner_party-0,",,0,0,4,REPLACE,,,,wineglass.n.01,,
cheddar.n.02,Not Ready,FALSE,TRUE,hard smooth-textured cheese; originally made in Cheddar in southwestern England,"cheese.n.01,",,"prepare_wine_and_cheese-0,                         preparing_food_for_a_fundraiser-0,                         serving_hors_d_oeuvres-0,",,0,0,3,REPLACE,,,,feta.n.01,,
cheese_pastry.n.01,Not Ready,TRUE,TRUE,,"pastry.n.02,",,"make_a_cheese_pastry-0,",,0,0,1,REPLACE,,,,cheese_tart.n.01,,
chia_seed__bag.n.01,Not Ready,TRUE,TRUE,,"container.n.01,",,"make_a_chia_breakfast_bowl-0,                         make_a_tropical_breakfast-0,",,0,0,2,GENERATE,,chia_seed_bag,CHIA SEED,gunnysack.n.01,endfho,
chicken_broth__carton.n.01,Not Ready,TRUE,TRUE,,"box.n.01,",,"cook_chicken-0,                         cook_ham_hocks-0,                         make_soup-0,                         make_tomato_rice-0,                         prepare_quinoa-0,",,0,0,5,GENERATE,,chicken_broth_carton,CHICKEN BROTH,jug.n.01,quzmfw,
chicken_soup__carton.n.01,Not Ready,TRUE,TRUE,,"container.n.01,",,"heating_soup-0,",,0,0,1,GENERATE,,chicken_soup_carton,CHICKEN SOUP,jug.n.01,quzmfw,
chickpea__can.n.01,Not Ready,TRUE,TRUE,,"container.n.01,",,"make_a_salad-0,",,0,0,1,GENERATE,,chickpea_can,CHICKPEA,mason_jar.n.01,kijnrj,
chlorine__bottle.n.01,Not Ready,TRUE,TRUE,,"vessel.n.03,",,"adding_chemicals_to_hot_tub-0,                         chlorinating_the_pool-0,",,0,0,2,GENERATE,,chlorine_bottle,CHLORINE,cleansing__bottle.n.01,ovjhuf,
chocolate_sauce__bottle.n.01,Not Ready,TRUE,TRUE,,"vessel.n.03,",,"make_a_milkshake-0,",,0,0,1,GENERATE,,chocolate_sauce_bottle,CHOCOLATE SAUCE,squeeze_bottle.n.01,uzmhdn,
chopping_block.n.01,Not Ready,FALSE,TRUE,a steady wooden block on which food can be cut or diced or wood can be split,"block.n.01,",,"chopping_wood-0,                         clean_wooden_blocks-0,",,0,0,2,ACTION,1,,,,,generate from chopping board
cinnamon__shaker.n.01,Not Ready,TRUE,TRUE,,"container.n.01,",,"make_applesauce-0,                         make_cinnamon_sugar-0,                         make_cinnamon_toast-0,                         make_cookies-0,                         make_eggnog-0,                         make_granola-0,                         make_oatmeal-0,                         make_pumpkin_pie_spice-0,",,0,0,8,GENERATE,,cinnamon_shaker,CINNAMON,shaker.n.03,nbjgci,
clam.n.03,Not Ready,FALSE,TRUE,flesh of either hard-shell or soft-shell clams,"shellfish.n.01,",,"clean_clams-0,                         cook_clams-0,                         cook_seafood_paella-0,                         make_seafood_stew-0,",,0,0,4,ACTION,1,,,,,https://www.turbosquid.com/3d-models/clam-seashell-2-3d-max/797840
clipper.n.04,Not Ready,FALSE,TRUE,scissors for cutting hair or finger nails (often used in the plural),"scissors.n.01,",,"disinfect_nail_clippers-0,",,0,0,1,BUY,1,,,3D fingernail clipper closed | 1148733 | TurboSquid,,
clove__jar.n.01,Not Ready,TRUE,TRUE,,"vessel.n.03,",,"make_pumpkin_pie_spice-0,",,0,0,1,GENERATE,,clove_jar,CLOVE,mason_jar.n.01,kijnrj,
cocoa__box.n.01,Not Ready,TRUE,TRUE,,"container.n.01,",,"make_brownies-0,                         make_chocolate_biscuits-0,                         make_chocolate_milk-0,                         make_chocolate_spread-0,                         make_chocolate_syrup-0,                         make_hot_cocoa-0,",,0,0,6,GENERATE,,cocoa_box,COCOA,mason_jar.n.01,kijnrj,
cocoa_powder__box.n.01,Not Ready,TRUE,TRUE,,"container.n.01,",,"make_iced_chocolate-0,",,0,0,1,GENERATE,,cocoa_powder_box,COCOA POWDER,mason_jar.n.01,kijnrj,
coconut_oil__jar.n.01,Not Ready,TRUE,TRUE,,"vessel.n.03,",,"make_a_sugar_and_coffee_scrub-0,",,0,0,1,GENERATE,,coconut_oil_jar,COCONUT OIL,mason_jar.n.01,kijnrj,
coffee_bean__jar.n.01,Not Ready,TRUE,TRUE,,"vessel.n.03,",,"brewing_coffee-0,                         make_coffee-0,                         making_coffee-0,",,0,0,3,GENERATE,,coffee_bean_jar,COFFEE BEAN,mason_jar.n.01,kijnrj,
cola__bottle.n.01,Not Ready,TRUE,TRUE,,"vessel.n.03,",,"mixing_drinks-0,",,0,0,1,BUY,1,,,https://www.turbosquid.com/3d-models/3d-drink-glass-bottle-model-1540170,,
conch.n.01,Not Ready,FALSE,TRUE,any of various edible tropical marine gastropods of the genus Strombus having a brightly-colored spiral shell with large outer lip,"gastropod.n.01,",,"clean_conch_shells-0,",,0,0,1,BUY,1,,,conch shell 3d model (turbosquid.com),,
conditioner__atomizer.n.01,Not Ready,TRUE,TRUE,,"vessel.n.03,",,"clean_fur-0,                         clean_leather_sandals-0,",,0,0,2,GENERATE,,conditioner_atomizer,CONDITIONER,atomizer.n.01,asztxi,change insource
cooking_oil__bottle.n.01,Not Ready,TRUE,TRUE,,"vessel.n.03,",,"cook_kabobs-0,                         cooking_food_for_adult-0,                         fry_pot_stickers-0,                         make_a_wiener_schnitzle-0,                         make_chicken_and_waffles-0,                         make_chicken_curry-0,                         make_fish_and_chips-0,                         make_microwave_popcorn-0,                         make_muffins-0,                         make_onion_ring_batter-0,                       ...",,0,0,11,GENERATE,,cooking_oil_bottle,COOKING OIL,oil__bottle.n.01,yoxfyu,
copper_pot.n.01,Not Ready,TRUE,TRUE,,"pot.n.01,",,"polish_copper-0,",,0,0,1,BUY,1,,,Copper turkish coffee pot 3D model - TurboSquid 1472268,,
coriander__shaker.n.01,Not Ready,TRUE,TRUE,,"container.n.01,",,"cook_kabobs-0,",,0,0,1,GENERATE,,coriander_shaker,CORIANDER,shaker.n.03,nbjgci,
cork.n.04,Not Ready,FALSE,TRUE,the plug in the mouth of a bottle (especially a wine bottle),"plug.n.01,",,"bottling_wine-0,",,0,0,1,NONE,,,,,,
cornbread.n.01,Not Ready,FALSE,TRUE,bread made primarily of cornmeal,"quick_bread.n.01,",,"preparing_food_for_a_fundraiser-0,",,0,0,1,REPLACE,,,,bread_slice.n.01,,
cornstarch__jar.n.01,Not Ready,TRUE,TRUE,,"vessel.n.03,",,"clean_copper_wire-0,                         make_cake_filling-0,",,0,0,2,GENERATE,,cornstarch_jar,CORNSTARCH,mason_jar.n.01,kijnrj,
cotton.n.02,Not Ready,FALSE,TRUE,fabric woven from cotton fibers,"fabric.n.01,",,"clean_marker_off_a_doll-0,",,0,0,1,REPLACE,,,,sponge.n.01,,
cream__carton.n.01,Not Ready,TRUE,TRUE,,"box.n.01,",,"make_cream_soda-0,                         make_white_wine_sauce-0,",,0,0,2,GENERATE,,cream_carton,CREAM,mason_jar.n.01,kijnrj,
cream_cheese__box.n.01,Not Ready,TRUE,TRUE,,"container.n.01,",,"make_macaroni_and_cheese-0,",,0,0,1,GENERATE,,cream_cheese_box,CREAM CHEESE,mason_jar.n.01,kijnrj,
cream_of_tartar__shaker.n.01,Not Ready,TRUE,TRUE,,"container.n.01,",,"make_blueberry_mousse-0,",,0,0,1,GENERATE,,cream_of_tartar_shaker,CREAM OF TARTAR,shaker.n.03,nbjgci,
cumin__shaker.n.01,Not Ready,TRUE,TRUE,,"container.n.01,",,"make_chicken_fajitas-0,                         make_mustard_herb_and_spice_seasoning-0,",,0,0,2,GENERATE,,cumin_shaker,CUMIN,shaker.n.03,nbjgci,
cup_holder.n.01,Not Ready,TRUE,TRUE,,"holder.n.01,",,"clean_cup_holders-0,",,0,0,1,BUY,1,,,3D Coffee Cup Holder - TurboSquid 2060992,,
curry_powder__shaker.n.01,Not Ready,TRUE,TRUE,,"container.n.01,",,"make_chicken_curry-0,                         make_curry_rice-0,",,0,0,2,GENERATE,,curry_powder_shaker,CURRY POWDER,shaker.n.03,nbjgci,
daffodil_bulb.n.01,Not Ready,TRUE,TRUE,,"bulb.n.01,",,"store_daffodil_bulbs-0,",,0,0,1,BUY,1,,,max narcissus daffodil jonquil (turbosquid.com),,
deodorant__atomizer.n.01,Not Ready,TRUE,TRUE,,"dispenser.n.01,",,"sorting_household_items-0,                         tidying_bathroom-0,",,0,0,2,GENERATE,,deodorant_atomizer,DEODORANT,atomizer.n.01,buxqkr,
detergent__atomizer.n.01,Not Ready,TRUE,TRUE,,"dispenser.n.01,",,"clean_a_toaster_oven-0,",,0,0,1,GENERATE,,detergent_atomizer,DETERGENT,atomizer.n.01,asztxi,
detergent__bottle.n.01,Not Ready,TRUE,TRUE,,"vessel.n.03,",,"clean_a_backpack-0,                         clean_a_chicken_coop-0,                         clean_a_dirty_tent-0,                         clean_a_faucet-0,                         clean_a_gravestone-0,                         clean_a_hamper-0,                         clean_a_mattress-0,                         clean_a_quilt-0,                         clean_a_raincoat-0,                         clean_a_sauna_suit-0,                       ...",,0,0,57,GENERATE,,detergent_bottle,DETERGENT,cleansing__bottle.n.01,ovjhuf,
disinfectant__bottle.n.01,Not Ready,TRUE,TRUE,,"vessel.n.03,",,"adding_chemicals_to_pool-0,                         clean_a_baseball_glove-0,                         clean_a_beer_keg-0,                         clean_a_birdcage-0,                         clean_a_camera_lens-0,                         clean_a_dirty_baseball-0,                         clean_a_flat_iron-0,                         clean_a_garden_sprayer-0,                         clean_a_vacuum-0,                         clean_an_air_filter-0,                       ...",,0,0,24,GENERATE,,disinfectant_bottle,DISINFECTANT,cleansing__bottle.n.01,ovjhuf,
dog_collar.n.01,Not Ready,FALSE,TRUE,a collar for a dog,"collar.n.06,",,"clean_dog_collars-0,",,0,0,1,BUY,1,,,3D dog collar model - TurboSquid 1222852,,
dog_food__can.n.01,Not Ready,TRUE,TRUE,,"container.n.01,",,"putting_out_dog_food-0,",,0,0,1,NONE,,,,,,
doily.n.01,Not Ready,FALSE,TRUE,a small round piece of linen placed under a dish or bowl,"linen.n.03,",,"store_vintage_linens-0,",,0,0,1,BUY,1,,,White paper lace doily 3D model - TurboSquid 1253362,,
dustcloth.n.01,Not Ready,FALSE,TRUE,a piece of cloth used for dusting,"piece_of_cloth.n.01,",,"buying_cleaning_supplies-0,                         clean_a_flat_panel_monitor-0,                         clean_paper_lampshades-0,                         clean_piano_keys-0,                         clean_your_cleaning_supplies-0,                         cleaning_tools_and_equipment-0,                         setting_up_living_room_for_guest-0,",,0,0,7,REPLACE,,,,rag.n.01,,
edible_cookie_dough.n.01,Not Ready,TRUE,TRUE,,"dough.n.01,",,"make_edible_chocolate_chip_cookie_dough-0,",,0,0,1,ACTION,1,,,,,generate from dough
emery_paper.n.01,Not Ready,FALSE,TRUE,stiff paper coated with powdered emery or sand,"abrasive.n.01,",,"clean_the_bottom_of_an_iron-0,                         clean_your_rusty_garden_tools-0,                         remove_scorch_marks-0,                         repairs_to_furniture-0,                         sanding_wood_furniture-0,",,0,0,5,BUY,1,,,3d model sandpaper (turbosquid.com),,
fabric_softener__bottle.n.01,Not Ready,TRUE,TRUE,,"vessel.n.03,",,"adding_fabric_softener-0,",,0,0,1,GENERATE,,fabric_softener_bottle,FABRIC SOFTENER,cleansing__bottle.n.01,ovjhuf,
fertilizer__atomizer.n.01,Not Ready,TRUE,TRUE,,"dispenser.n.01,",,"adding_chemicals_to_lawn-0,                         buying_gardening_supplies-0,                         fertilize_a_lawn-0,                         fertilizing_garden-0,                         make_a_small_vegetable_garden-0,",,0,0,5,GENERATE,,fertilizer_atomizer,FERTILIZER,atomizer.n.01,asztxi,
feta__box.n.01,Not Ready,TRUE,TRUE,,"container.n.01,",,"cook_eggplant-0,                         prepare_make_ahead_breakfast_bowls-0,",,0,0,2,GENERATE,,feta_box,FETA,mason_jar.n.01,kijnrj,
flagpole.n.02,Not Ready,FALSE,TRUE,a tall staff or pole on which a flag is raised,"staff.n.02,",,"hanging_flags-0,",,0,0,1,BUY,1,,,3D Detailed White Flag Banner - TurboSquid 2061441,,need postprocessing to remove flag
floor_wax__bottle.n.01,Not Ready,TRUE,TRUE,,"vessel.n.03,",,"waxing_floors-0,",,0,0,1,GENERATE,,floor_wax_bottle,FLOOR WAX,cleansing__bottle.n.01,ovjhuf,
flour__sack.n.01,Not Ready,TRUE,TRUE,,"bag.n.01,",,"baking_cookies_for_the_PTA_bake_sale-0,                         baking_sugar_cookies-0,                         grease_and_flour_a_pan-0,                         make_a_cheese_pastry-0,                         make_a_wiener_schnitzle-0,                         make_bagels-0,                         make_batter-0,                         make_biscuits-0,                         make_brownies-0,                         make_cake_mix-0,                       ...",,0,0,21,GENERATE,,flour_sack,FLOUR,gunnysack.n.01,endfho,
foil.n.01,Not Ready,FALSE,FALSE,a piece of thin and flexible sheet metal,"sheet_metal.n.01,","aluminum_foil.n.01,","glaze_a_ham-0,",,0,0,1,REPLACE,,,,aluminum_foil.n.01,,
frosting__jar.n.01,Not Ready,TRUE,TRUE,,"vessel.n.03,",,"ice_cookies-0,",,0,0,1,GENERATE,,frosting_jar,FROSTING,mason_jar.n.01,kijnrj,
fur_coat.n.01,Not Ready,FALSE,TRUE,a coat made of fur,"coat.n.01,",,"clean_fur-0,                         store_a_fur_coat-0,",,0,0,2,BUY,1,,,sheepskin coat 3d max (turbosquid.com),,
gelatin.n.02,Not Ready,FALSE,TRUE,an edible jelly (sweet or pungent) made with gelatin and used as a dessert or salad base or a coating for foods,"dainty.n.01,",,"make_blueberry_mousse-0,",,0,0,1,BUY,1,,,https://www.turbosquid.com/3d-models/3d-gelatinous-cube-1371398,,
gelatin__box.n.01,Not Ready,TRUE,TRUE,,"container.n.01,",,"make_blueberry_mousse-0,",,0,0,1,GENERATE,,gelatin_box,GELATIN,mason_jar.n.01,kijnrj,
ginger__shaker.n.01,Not Ready,TRUE,TRUE,,"container.n.01,",,"make_pumpkin_pie_spice-0,",,0,0,1,GENERATE,,ginger_shaker,GINGER,shaker.n.03,nbjgci,
glaze__bottle.n.01,Not Ready,TRUE,TRUE,,"vessel.n.03,",,"cook_a_ham-0,",,0,0,1,GENERATE,,glaze_bottle,GLAZE,squeeze_bottle.n.01,uzmhdn,
gourd.n.02,Not Ready,FALSE,TRUE,any of numerous inedible fruits with hard rinds,"fruit.n.01,",,"clean_gourds-0,",,0,0,1,BUY,1,,,Snake gourd 02 3D model - TurboSquid 1921973,,
granola__box.n.01,Not Ready,TRUE,TRUE,,"container.n.01,",,"make_a_chia_breakfast_bowl-0,",,0,0,1,GENERATE,,granola_box,GRANOLA,mason_jar.n.01,kijnrj,
granulated_sugar__jar.n.01,Not Ready,TRUE,TRUE,,"vessel.n.03,",,"make_strawberries_and_cream-0,",,0,0,1,GENERATE,,granulated_sugar_jar,GRANULATED SUGAR,mason_jar.n.01,kijnrj,
granulated_sugar__sack.n.01,Not Ready,TRUE,TRUE,,"bag.n.01,",,"make_a_mojito-0,                         make_baked_pears-0,                         make_dessert_watermelons-0,                         making_a_drink-0,                         preserving_fruit-0,                         roast_nuts-0,",,0,0,6,GENERATE,,granulated_sugar_sack,GRANULATED SUGAR,gunnysack.n.01,endfho,
grated_cheese__sack.n.01,Not Ready,TRUE,TRUE,,"bag.n.01,",,"make_burrito_bowls-0,",,0,0,1,GENERATE,,grated_cheese_sack,GRATED CHEESE,gunnysack.n.01,endfho,
ground_beef__package.n.01,Not Ready,TRUE,TRUE,,"container.n.01,",,"make_a_red_meat_sauce-0,                         make_meatloaf-0,",,0,0,2,GENERATE,,ground_beef_package,GROUND BEEF,gunnysack.n.01,endfho,
hair_spray__can.n.01,Not Ready,TRUE,TRUE,,"dispenser.n.01,",,"tidying_bathroom-0,",,0,0,1,REPLACE,,,,bottle__of__shampoo.n.01,,
half__apple_pie.n.01,Not Ready,TRUE,TRUE,,"pie.n.01,",,"clearing_food_from_table_into_fridge-0,",,0,0,1,ACTION,,,,,,generate from apple pie
half__bell_pepper.n.01,Not Ready,TRUE,TRUE,,"sweet_pepper.n.02,",,"filling_pepper-0,                         roast_vegetables-0,",,0,0,2,BUY,1,,,https://www.turbosquid.com/3d-models/red-pepper-slice-3d-max/1139452,,
half__eggplant.n.01,Not Ready,TRUE,TRUE,,"solanaceous_vegetable.n.01,",,"cook_eggplant-0,",,0,0,1,BUY,1,,,https://www.turbosquid.com/3d-models/aubergine-model-1963853,,
half__feta.n.01,Not Ready,TRUE,TRUE,,"cheese.n.01,",,"prepare_make_ahead_breakfast_bowls-0,",,0,0,1,ACTION,,,,,,generate from feta
half__hard-boiled_egg.n.01,Not Ready,TRUE,TRUE,,"boiled_egg.n.01,",,"halve_an_egg-0,",,0,0,1,NONE,,,,,,generate from hard boiled egg
half__lime.n.01,Not Ready,TRUE,TRUE,,"citrus.n.01,",,"make_a_mojito-0,                         make_chicken_fajitas-0,",,0,0,2,BUY,1,,,https://www.turbosquid.com/3d-models/3d-lime-half-1989150,,
half__log.n.01,Not Ready,TRUE,TRUE,,"wood.n.01,",,"chopping_wood-0,",,0,0,1,ACTION,,,,,,generate from log
half__mango.n.01,Not Ready,TRUE,TRUE,,"edible_fruit.n.01,",,"picking_fruit_and_vegetables-0,",,0,0,1,BUY,1,,,https://www.turbosquid.com/3d-models/3d-photo-realistic-mango-model/1015614,,
half__potato.n.01,Not Ready,TRUE,TRUE,,"root_vegetable.n.01,",,"prepare_make_ahead_breakfast_bowls-0,",,0,0,1,BUY,1,,,https://www.turbosquid.com/3d-models/3d-potatoset-1734766,,
half__zucchini.n.01,Not Ready,TRUE,TRUE,,"summer_squash.n.02,",,"freeze_vegetables-0,                         grill_vegetables-0,",,0,0,2,BUY,,,,,,
ham_hock.n.01,Not Ready,FALSE,TRUE,a small cut of meat from the leg just above the foot,"leg.n.05,",,"cook_ham_hocks-0,",,0,0,1,BUY,1,,,https://www.turbosquid.com/3d-models/3d-cutlet-1943138,,
handbook.n.01,Not Ready,FALSE,TRUE,a concise reference book providing specific information about a subject or location,"reference_book.n.01,",,"sorting_volunteer_materials-0,",,0,0,1,REPLACE,,,,catalog.n.01,,
hard-boiled_egg.n.01,Not Ready,FALSE,TRUE,an egg boiled gently until both the white and the yolk solidify,"boiled_egg.n.01,",,"halve_an_egg-0,",,0,0,1,BUY,1,,,3d dish rice (turbosquid.com),,need post processing
herbicide__bottle.n.01,Not Ready,TRUE,TRUE,,"vessel.n.03,",,"adding_chemicals_to_lawn-0,",,0,0,1,GENERATE,,herbicide_bottle,HERBICIDE,cleansing__bottle.n.01,ovjhuf,
honey__jar.n.01,Not Ready,TRUE,TRUE,,"vessel.n.03,",,"make_bagels-0,                         make_chocolate_spread-0,                         make_granola-0,                         make_oatmeal-0,                         make_popsicles-0,                         roast_meat-0,",,0,0,6,GENERATE,,honey_jar,HONEY,mason_jar.n.01,kijnrj,
hose.n.03,Not Ready,FALSE,TRUE,a flexible pipe for conveying a liquid or gas,"tube.n.01,",,"clean_rubber-0,",,0,0,1,BUY,1,,,hose obj (turbosquid.com),,
hot_sauce__bottle.n.01,Not Ready,TRUE,TRUE,,"vessel.n.03,",,"make_chicken_and_waffles-0,",,0,0,1,GENERATE,,hot_sauce_bottle,HOT SAUCE,squeeze_bottle.n.01,uzmhdn,
hotdog.n.02,Not Ready,FALSE,TRUE,a frankfurter served hot on a bun,"sandwich.n.01,",,"buy_food_for_camping-0,                         cook_hot_dogs-0,                         set_up_a_hot_dog_bar-0,",,0,0,3,ACTION,,,,,,Hot dog sandwich 3D model - TurboSquid 1283821
hummus__box.n.01,Not Ready,TRUE,TRUE,,"container.n.01,",,"cook_red_peppers-0,",,0,0,1,GENERATE,,hummus_box,HUMMUS,mason_jar.n.01,kijnrj,
hutch.n.01,Not Ready,FALSE,TRUE,a cage (usually made of wood and wire mesh) for small animals,"cage.n.01,",,"clean_out_a_guinea_pigs_hutch-0,                         set_up_a_guinea_pig_cage-0,                         set_up_a_mouse_cage-0,",,0,0,3,BUY,1,,,3D model Wire Dog Crate Double Door 01 - TurboSquid 1815556,,
hydrogen_peroxide__bottle.n.01,Not Ready,TRUE,TRUE,,"vessel.n.03,",,"clean_vans-0,",,0,0,1,GENERATE,,hydrogen_peroxide_bottle,HYDROGEN PEROXIDE,cleansing__bottle.n.01,ovjhuf,
ice.n.01,Not Ready,FALSE,TRUE,water frozen in the solid state,"crystal.n.01,",,"de_ice_a_car-0,                         removing_ice_from_walkways-0,",,0,0,2,BUY,1,,,3d 3ds ice cubes (turbosquid.com),,
ice_cream.n.01,Not Ready,FALSE,TRUE,frozen dessert containing cream and sugar and flavoring,"frozen_dessert.n.01,",,"make_a_frappe-0,                         make_a_milkshake-0,",,0,0,2,NONE,,,,,,
ice_cream__carton.n.01,Not Ready,TRUE,TRUE,,"box.n.01,",,"make_a_frappe-0,                         make_a_milkshake-0,",,0,0,2,GENERATE,,ice_cream_carton,ICE CREAM,mason_jar.n.01,kijnrj,
ice_lolly.n.01,Not Ready,FALSE,TRUE,ice cream or water ice on a small wooden stick,"frozen_dessert.n.01,",,"make_popsicles-0,",,0,0,1,ACTION,1,,,,,separate from mold object
ink__bottle.n.01,Not Ready,TRUE,TRUE,,"vessel.n.03,",,"staining_wood_furniture-0,",,0,0,1,NONE,,,,,,
insectifuge__atomizer.n.01,Not Ready,TRUE,TRUE,,"dispenser.n.01,",,"make_a_car_emergency_kit-0,                         spraying_for_bugs-0,",,0,0,2,GENERATE,,insectifuge_atomizer,INSECTIFUGE,atomizer.n.01,buxqkr,
instant_coffee__jar.n.01,Not Ready,TRUE,TRUE,,"vessel.n.03,",,"make_a_blended_iced_cappuccino-0,                         make_a_cappuccino-0,                         make_a_frappe-0,                         make_instant_coffee-0,",,0,0,4,GENERATE,,instant_coffee_jar,INSTANT COFFEE,mason_jar.n.01,kijnrj,
jacket.n.05,Not Ready,FALSE,TRUE,the tough metal shell casing for certain kinds of ammunition,"shell.n.08,",,"clean_brass_casings-0,",,0,0,1,BUY,1,,,3D Airgun Pellets - TurboSquid 1909770,,
jar__of__sodium_carbonate.n.01,Not Ready,TRUE,TRUE,,"grocery.n.02,",,"store_baking_soda-0,",,0,0,1,REPLACE,,,,box__of__baking_soda.n.01,,
jar__of__tomato_sauce.n.01,Not Ready,TRUE,TRUE,,"grocery.n.02,",,"putting_leftovers_away-0,                         putting_out_condiments-0,",,0,0,2,REPLACE,,,,jar__of__spaghetti_sauce.n.01,,
jelly__jar.n.01,Not Ready,TRUE,TRUE,,"vessel.n.03,",,"make_a_sandwich-0,",,0,0,1,GENERATE,,jelly_jar,JELLY,mason_jar.n.01,kijnrj,
jelly_bean__jar.n.01,Not Ready,TRUE,TRUE,,"vessel.n.03,",,"make_party_favors_from_candy-0,",,0,0,1,GENERATE,,jelly_bean_jar,JELLY BEAN,mason_jar.n.01,kijnrj,
jerky.n.01,Not Ready,FALSE,TRUE,meat (especially beef) cut in strips and dried in the sun,"meat.n.01,",,"loading_shopping_into_car-0,                         stash_snacks_in_your_room-0,",,0,0,2,BUY,1,,,3D Meat Jerky model - TurboSquid 1925905,,
jimmies__jar.n.01,Not Ready,TRUE,TRUE,,"vessel.n.03,",,"make_party_favors_from_candy-0,",,0,0,1,GENERATE,,jimmies_jar,JIMMIES,mason_jar.n.01,kijnrj,
kayak_rack.n.01,Not Ready,TRUE,TRUE,,"rack.n.01,",,"store_a_kayak-0,",,0,0,1,BUY,1,,,3D model rack boat - TurboSquid 1712932,,
keg.n.02,Not Ready,FALSE,TRUE,small cask or barrel,"barrel.n.02,",,"buy_a_keg-0,                         clean_a_beer_keg-0,",,0,0,2,REPLACE,,,,beer_barrel.n.01,,
kid_glove.n.01,Not Ready,FALSE,TRUE,a glove made of fine soft leather (as kidskin),"glove.n.02,",,"clean_suede_gloves-0,",,0,0,1,NONE,,,,,,
kielbasa.n.01,Not Ready,TRUE,TRUE,,"sausage.n.01,",,"cook_kielbasa-0,",,0,0,1,BUY,1,,,3D sausage 1 - TurboSquid 1152741,,
lace.n.01,Not Ready,FALSE,TRUE,a cord that is drawn through eyelets or around hooks in order to draw together two edges (as of a shoe or garment),"cord.n.01,",,"organizing_skating_stuff-0,",,0,0,1,BUY,1,,,3D shoelaces shoe laces - TurboSquid 1708133,,
lamb.n.05,Not Ready,FALSE,TRUE,the flesh of a young domestic sheep eaten as food,"meat.n.01,",,"cook_lamb-0,                         laying_out_a_feast-0,",,0,0,2,BUY,1,,,Raw lamb cutlet 3D - TurboSquid 1586872,,
lampshade.n.01,Not Ready,FALSE,TRUE,a protective ornamental shade used to screen a light bulb from direct view,"shade.n.03,",,"clean_paper_lampshades-0,                         unloading_shopping_items-0,",,0,0,2,BUY,1,,,Lampshade lamp shade 3D - TurboSquid 1594159,,
laundry.n.01,Not Ready,FALSE,TRUE,garments or white goods that can be cleaned by laundering,"garment.n.01,                         white_goods.n.02,",,"bringing_laundry-0,",,0,0,1,REPLACE,,,,garment.n.01,,
leftovers.n.01,Not Ready,FALSE,TRUE,food remaining from a previous meal,"food.n.02,",,"boxing_food_after_dinner-0,                         cleaning_up_after_an_event-0,                         clearing_table_after_supper-0,",,0,0,3,BUY,,,,,,
lemon-pepper_seasoning__shaker.n.01,Not Ready,TRUE,TRUE,,"container.n.01,",,"make_lemon_pepper_wings-0,",,0,0,1,GENERATE,,lemon_pepper_seasoning_shaker,LEMON-PEPPER SEASONING,shaker.n.03,nbjgci,
lemon_juice__bottle.n.01,Not Ready,TRUE,TRUE,,"vessel.n.03,",,"clean_brass_casings-0,                         clean_copper_wire-0,                         cook_asparagus-0,                         cook_clams-0,                         make_a_cheese_pastry-0,                         make_a_strawberry_slushie-0,                         make_a_vinegar_cleaning_solution-0,                         make_applesauce-0,                         make_blueberry_mousse-0,                         make_cake_filling-0,                       ...",,0,0,17,GENERATE,,lemon_juice_bottle,LEMON JUICE,oil__bottle.n.01,yoxfyu,
lemon_peel.n.01,Not Ready,FALSE,TRUE,the rind of a lemon,"peel.n.02,",,"make_lemon_pepper_seasoning-0,",,0,0,1,BUY,,,,,,
lemonade__bottle.n.01,Not Ready,TRUE,TRUE,,"vessel.n.03,",,"make_citrus_punch-0,                         make_watermelon_punch-0,",,0,0,2,GENERATE,,lemonade_bottle,LEMONADE,water_bottle.n.01,lzdzkk,
lens.n.01,Not Ready,FALSE,TRUE,a transparent optical device used to converge or diverge transmitted light and to form images,"optical_device.n.01,",,"clean_a_camera_lens-0,",,0,0,1,ACTION,,,,,,detach from digital camera
lime_juice__bottle.n.01,Not Ready,TRUE,TRUE,,"vessel.n.03,",,"make_limeade-0,                         mixing_drinks-0,",,0,0,2,GENERATE,,lime_juice_bottle,LIME JUICE,oil__bottle.n.01,yoxfyu,
liner.n.03,Not Ready,FALSE,TRUE,a piece of cloth that is used as the inside surface of a garment,"piece_of_cloth.n.01,",,"clean_a_small_pet_cage-0,",,0,0,1,NONE,,,,,,
lint_screen.n.01,Not Ready,TRUE,TRUE,,"screen.n.05,",,"removing_lint_from_dryer-0,",,0,0,1,BUY,,,,,,
liquid_soap__bottle.n.01,Not Ready,TRUE,TRUE,,"vessel.n.03,",,"clean_a_baking_stone-0,                         clean_a_bicycle_chain-0,                         clean_a_birdcage-0,                         clean_a_blender-0,                         clean_a_broiler_pan-0,                         clean_a_candle_jar-0,                         clean_a_coffee_maker-0,                         clean_a_drain-0,                         clean_a_fence-0,                         clean_a_glass_windshield-0,                       ...",,0,0,91,GENERATE,,liquid_soap_bottle,LIQUID SOAP,cleansing__bottle.n.01,ovjhuf,
lubricant__bottle.n.01,Not Ready,TRUE,TRUE,,"vessel.n.03,",,"lube_a_bicycle_chain-0,",,0,0,1,GENERATE,,lubricant_bottle,LUBRICANT,cleansing__bottle.n.01,ovjhuf,
maple_syrup__jar.n.01,Not Ready,TRUE,TRUE,,"vessel.n.03,",,"glaze_a_ham-0,                         make_a_tropical_breakfast-0,                         make_chicken_and_waffles-0,                         make_cinnamon_toast-0,",,0,0,4,GENERATE,,maple_syrup_jar,MAPLE SYRUP,mason_jar.n.01,kijnrj,
margarine__box.n.01,Not Ready,TRUE,TRUE,,"container.n.01,",,"grease_and_flour_a_pan-0,",,0,0,1,GENERATE,,margarine_box,MARGARINE,mason_jar.n.01,kijnrj,
marinara__jar.n.01,Not Ready,TRUE,TRUE,,"vessel.n.03,",,"making_a_meal-0,                         preparing_food_for_company-0,",,0,0,2,GENERATE,,marinara_jar,MARINARA,mason_jar.n.01,kijnrj,
marjoram__shaker.n.01,Not Ready,TRUE,TRUE,,"container.n.01,",,"cook_mussels-0,                         make_chicken_fajitas-0,                         make_pasta_sauce-0,                         make_pizza-0,                         make_pizza_sauce-0,                         make_red_beans_and_rice-0,                         make_seafood_stew-0,",,0,0,7,GENERATE,,marjoram_shaker,MARJORAM,shaker.n.03,nbjgci,
mat.n.01,Not Ready,FALSE,TRUE,a thick flat pad used as a floor covering,"floor_cover.n.01,",,"clean_cork_mats-0,                         clean_rubber_bathmats-0,                         prepare_your_garden_for_a_cat-0,",,0,0,3,NONE,,,,,,
meat_loaf.n.01,Not Ready,FALSE,TRUE,a baked loaf of ground meat,"dish.n.02,                         loaf_of_bread.n.01,",,"make_meatloaf-0,",,0,0,1,BUY,1,,,3D model malt loaf - TurboSquid 1257826,,
meatball.n.01,Not Ready,FALSE,TRUE,ground meat formed into a ball and fried or simmered in broth,"dish.n.02,",,"making_a_meal-0,",,0,0,1,BUY,1,,,Ground beef model - TurboSquid 1448585,,
milk__carton.n.01,Not Ready,TRUE,TRUE,,"box.n.01,",,"make_a_blended_iced_cappuccino-0,                         make_a_milkshake-0,                         make_an_iced_espresso-0,                         make_batter-0,                         make_biscuits-0,                         make_chocolate_milk-0,                         make_cream_from_milk-0,                         make_dinner_rolls-0,                         make_eggnog-0,                         make_hot_cocoa-0,                       ...",,0,0,18,GENERATE,,milk_carton,MILK,jug.n.01,quzmfw,
mold.n.02,Not Ready,FALSE,TRUE,container into which liquid is poured to create a given shape when it hardens,"container.n.01,",,"make_popsicles-0,",,0,0,1,BUY,1,,,3D Homemade Ice Cream Popsicle Mold model - TurboSquid 1769401,,need postprocessing
mulch__bag.n.01,Not Ready,TRUE,TRUE,,"container.n.01,",,"mulching-0,",,0,0,1,GENERATE,,mulch_bag,MULCH,gunnysack.n.01,endfho,
mustard.n.03,Not Ready,FALSE,TRUE,leaves eaten as cooked greens,"cruciferous_vegetable.n.01,",,"cook_mustard_greens-0,",,0,0,1,BUY,1,,,https://www.turbosquid.com/3d-models/coffee-tree-3d-model-1681315,,
mustard__bottle.n.01,Not Ready,TRUE,TRUE,,"vessel.n.03,",,"cooking_lunch-0,",,0,0,1,GENERATE,,mustard_bottle,MUSTARD,squeeze_bottle.n.01,uzmhdn,
mustard_seed__shaker.n.01,Not Ready,TRUE,TRUE,,"vessel.n.03,",,"make_mustard_herb_and_spice_seasoning-0,",,0,0,1,GENERATE,,mustard_seed_shaker,MUSTARD SEED,shaker.n.03,nbjgci,
noodle__jar.n.01,Not Ready,TRUE,TRUE,,"vessel.n.03,",,"make_macaroni_and_cheese-0,",,0,0,1,GENERATE,,noodle_jar,NOODLE,mason_jar.n.01,kijnrj,
novel.n.02,Not Ready,FALSE,TRUE,a printed and bound book that is an extended work of fiction,"book.n.02,",,"setting_up_living_room_for_guest-0,",,0,0,1,REPLACE,,,,hardback.n.01,,
nutmeg__shaker.n.01,Not Ready,TRUE,TRUE,,"container.n.01,",,"make_cookies-0,                         make_eggnog-0,                         make_pumpkin_pie_spice-0,",,0,0,3,GENERATE,,nutmeg_shaker,NUTMEG,shaker.n.03,nbjgci,
oat__box.n.01,Not Ready,TRUE,TRUE,,"container.n.01,",,"make_granola-0,                         make_oatmeal-0,",,0,0,2,GENERATE,,oat_box,OAT,mason_jar.n.01,kijnrj,
olive_oil__bottle.n.01,Not Ready,TRUE,TRUE,,"vessel.n.03,",,"cook_asparagus-0,                         cook_chicken_and_rice-0,                         cook_green_beans-0,                         cook_kale-0,                         cook_onions-0,                         cook_peppers-0,                         cook_quail-0,                         cook_sausages-0,                         cook_vegetables-0,                         cook_zucchini-0,                       ...",,0,0,22,GENERATE,,olive_oil_bottle,OLIVE OIL,oil__bottle.n.01,yoxfyu,
onion_powder__shaker.n.01,Not Ready,TRUE,TRUE,,"container.n.01,",,"cook_ground_beef-0,",,0,0,1,GENERATE,,onion_powder_shaker,ONION POWDER,shaker.n.03,nbjgci,
orange_juice__carton.n.01,Not Ready,TRUE,TRUE,,"box.n.01,",,"make_citrus_punch-0,",,0,0,1,GENERATE,,orange_juice_carton,ORANGE JUICE,jug.n.01,quzmfw,
pack__of__ground_beef.n.01,Not Ready,TRUE,TRUE,,"grocery.n.02,",,"buy_meat_from_a_butcher-0,                         buy_natural_beef-0,                         putting_shopping_away-0,",,0,0,3,BUY,1,,,Wrapped Food Tray with Ground Meat 3D - TurboSquid 1980348,,
package.n.02,Not Ready,FALSE,TRUE,a wrapped container,"container.n.01,",,"buying_fast_food-0,                         collecting_mail_from_the_letterbox-0,                         getting_package_from_post_office-0,                         sending_packages-0,",,0,0,4,BUY,1,,,https://www.turbosquid.com/3d-models/3d-yellow-mail-package-small-2068970,,
pajama.n.01,Not Ready,FALSE,TRUE,a pair of loose trousers tied by a drawstring around the waist; worn by men and women in some Asian countries,"trouser.n.01,",,"putting_laundry_in_drawer-0,                         store_baby_clothes-0,",,0,0,2,REPLACE,,,,pajama.n.02,,
paprika__shaker.n.01,Not Ready,TRUE,TRUE,,"container.n.01,",,"cook_seafood_paella-0,                         cook_shrimp-0,                         make_chicken_fajitas-0,                         make_nachos-0,",,0,0,4,GENERATE,,paprika_shaker,PAPRIKA,shaker.n.03,nbjgci,
parmesan__shaker.n.01,Not Ready,TRUE,TRUE,,"vessel.n.03,",,"cook_vegetables-0,                         cooking_lunch-0,",,0,0,2,GENERATE,,parmesan_shaker,PARMESAN,shaker.n.03,nbjgci,
pasta__box.n.01,Not Ready,TRUE,TRUE,,"container.n.01,",,"cook_pasta-0,                         cooking_a_feast-0,                         making_a_meal-0,                         preparing_food_for_company-0,",,0,0,4,GENERATE,,pasta_box,PASTA,mason_jar.n.01,kijnrj,
pastry.n.01,Not Ready,FALSE,TRUE,a dough of flour and water and shortening,"dough.n.01,",,"make_pastry-0,",,0,0,1,ACTION,1,,,,,generate from cookie dough
patty.n.01,Not Ready,FALSE,TRUE,small flat mass of chopped food,"dish.n.02,",,"grill_burgers-0,",,0,0,1,BUY,1,,,3D model Fresh Raw Burger Patty - TurboSquid 2026569,,
peanut_butter__jar.n.01,Not Ready,TRUE,TRUE,,"vessel.n.03,",,"make_a_sandwich-0,                         make_homemade_bird_food-0,",,0,0,2,GENERATE,,peanut_butter_jar,PEANUT BUTTER,mason_jar.n.01,kijnrj,
pebble.n.01,Not Ready,FALSE,TRUE,a small smooth rounded rock,"rock.n.01,",,"polish_rocks-0,                         setup_a_fish_tank-0,",,0,0,2,ACTION,,,,,,rename object after we have images
pellet_food__bag.n.01,Not Ready,TRUE,TRUE,,"container.n.01,",,"set_up_a_guinea_pig_cage-0,",,0,0,1,GENERATE,,pellet_food_bag,PELLET FOOD,gunnysack.n.01,endfho,
pepperoni.n.01,Not Ready,FALSE,TRUE,a pork and beef sausage (or a thin slice of this sausage),"sausage.n.01,",,"make_pizza-0,",,0,0,1,ACTION,1,,,,,generate from pizza
person.n.01,Not Ready,FALSE,TRUE,a human being,"causal_agent.n.01,                         organism.n.01,",,"putting_in_a_pool-0,",,0,0,1,NONE,,,,,,
pesticide__atomizer.n.01,Not Ready,TRUE,TRUE,,"dispenser.n.01,",,"applying_pesticides-0,                         clean_a_garden_sprayer-0,                         putting_pesticides_on_lawn-0,                         spraying_fruit_trees-0,",,0,0,4,GENERATE,,pesticide_atomizer,PESTICIDE,atomizer.n.01,buxqkr,
petfood__bag.n.01,Not Ready,TRUE,TRUE,,"container.n.01,",,"set_up_a_mouse_cage-0,",,0,0,1,GENERATE,,petfood_bag,PETFOOD,gunnysack.n.01,endfho,
pewter_teapot.n.01,Not Ready,TRUE,TRUE,,"pot.n.01,",,"polish_pewter-0,",,0,0,1,BUY,1,,,Real pewter mug 3D model - TurboSquid 1479213,,
pineapple_juice__carton.n.01,Not Ready,TRUE,TRUE,,"box.n.01,",,"make_citrus_punch-0,",,0,0,1,GENERATE,,pineapple_juice_carton,PINEAPPLE JUICE,jug.n.01,quzmfw,
pinwheel.n.03,Not Ready,FALSE,TRUE,a toy consisting of vanes of colored paper or plastic that is pinned to a stick and spins when it is pointed into the wind,"plaything.n.01,",,"set_up_a_bird_cage-0,                         set_up_a_mouse_cage-0,",,0,0,2,REPLACE,,,,toy_figure.n.01,,
pizza_dough.n.01,Not Ready,TRUE,TRUE,,"dough.n.01,",,"make_pizza-0,                         make_pizza_dough-0,",,0,0,2,ACTION,1,,,,,generate from dough
plastic_wrap.n.01,Not Ready,FALSE,TRUE,wrapping consisting of a very thin transparent sheet of plastic,"wrapping.n.01,",,"cook_beef_and_onions-0,                         disposing_of_trash_for_adult-0,                         freeze_quiche-0,                         make_a_bake_sale_stand_stall-0,                         make_a_lunch_box-0,                         store_feta_cheese-0,",,0,0,6,BUY,1,,,Empty Wrapped Food Tray v2 Black 3D - TurboSquid 1981201,,need post processing
poinsettia.n.01,Not Ready,FALSE,TRUE,tropical American plant having poisonous milk and showy tapering usually scarlet petallike leaves surrounding small yellow flowers,"spurge.n.01,",,"putting_up_Christmas_decorations_outside-0,",,0,0,1,ACTION,,,,,,https://www.turbosquid.com/3d-models/forged-floor-flower-stand-3d-model-1477200
polish__bottle.n.01,Not Ready,TRUE,TRUE,,"vessel.n.03,",,"clean_a_bowling_ball-0,                         clean_a_leather_belt-0,                         clean_brass-0,                         clean_silver_coins-0,                         polish_a_car-0,                         polish_copper-0,                         polish_cymbals-0,                         polish_gold-0,                         polish_pewter-0,                         polish_rocks-0,                       ...",,0,0,11,GENERATE,,polish_bottle,POLISH,cleansing__bottle.n.01,ovjhuf,
pop_bottle.n.01,Not Ready,FALSE,TRUE,a bottle for holding soft drinks,"bottle.n.01,",,"buy_food_for_camping-0,                         returning_consumer_goods-0,                         selling_products_at_flea_market-0,                         stock_grocery_shelves-0,",,0,0,4,REPLACE,,,,bottle__of__soda.n.01,,
popcorn__bag.n.01,Not Ready,TRUE,TRUE,,"container.n.01,",,"make_microwave_popcorn-0,",,0,0,1,GENERATE,,popcorn_bag,POPCORN,gunnysack.n.01,endfho,
portrait.n.02,Not Ready,FALSE,TRUE,"any likeness of a person, in any medium","likeness.n.02,",,"setting_up_silent_auction-0,",,0,0,1,NONE,,,,,,renamed object
post-it.n.01,Not Ready,FALSE,TRUE,brand name for a slip of notepaper that has an adhesive that allows it to stick to a surface and be removed without damaging the surface,"notepaper.n.01,",,"organizing_office_documents-0,",,0,0,1,BUY,1,,,Post note model - TurboSquid 1239519,,
pottable__cactus.n.01,Not Ready,TRUE,TRUE,,"succulent.n.01,",,"planting_plants-0,",,0,0,1,BUY,1,,,https://www.turbosquid.com/3d-models/3d-model-cactus-plant/823881,,
pottable__daffodil.n.01,Not Ready,TRUE,TRUE,,"narcissus.n.01,",,"planting_plants-0,",,0,0,1,ACTION,1,,,,,get from daffodil bulb
pottable__dahlia.n.01,Not Ready,TRUE,TRUE,,"flower.n.01,",,"planting_flowers-0,",,0,0,1,BUY,1,,,https://www.turbosquid.com/3d-models/3d-model-dahlia-flowers-02-2054738,,
pottable__marigold.n.01,Not Ready,TRUE,TRUE,,"flower.n.01,",,"planting_flowers-0,                         prepare_a_hanging_basket-0,",,0,0,2,BUY,1,,,https://www.turbosquid.com/3d-models/max-marigolds/994652,,
price_tag.n.01,Not Ready,FALSE,TRUE,a tag showing the price of the article it is attached to,"tag.n.01,",,"selling_products_at_flea_market-0,",,0,0,1,BUY,1,,,Plastic Label Holder with Barcode 3D model - TurboSquid 1908733,,
pumpkin_seed__bag.n.01,Not Ready,TRUE,TRUE,,"container.n.01,",,"cook_pumpkin_seeds-0,                         make_a_small_vegetable_garden-0,                         planting_vegetables-0,",,0,0,3,GENERATE,,pumpkin_seed_bag,PUMPKIN SEED,gunnysack.n.01,endfho,
raisin__box.n.01,Not Ready,TRUE,TRUE,,"container.n.01,",,"make_homemade_bird_food-0,",,0,0,1,GENERATE,,raisin_box,RAISIN,mason_jar.n.01,kijnrj,
ramen.n.01,Not Ready,TRUE,TRUE,,"dish.n.02,",,"cook_ramen_noodles-0,",,0,0,1,ACTION,,,,,,
raw_egg.n.01,Not Ready,TRUE,TRUE,,"foodstuff.n.02,",,"baking_cookies_for_the_PTA_bake_sale-0,                         baking_sugar_cookies-0,                         cook_eggs-0,                         cooking_breakfast-0,                         make_a_cheese_pastry-0,                         make_a_wiener_schnitzle-0,                         make_an_egg_tomato_and_toast_breakfast-0,                         make_bagels-0,                         make_blueberry_mousse-0,                         make_brownies-0,                       ...",,0,0,18,BUY,1,,,3D egg food - TurboSquid 1379520,,
recreational_vehicle.n.01,Not Ready,FALSE,TRUE,a motorized wheeled vehicle used for camping or other recreational activities,"self-propelled_vehicle.n.01,",,"cleaning_camper_or_RV-0,                         packing_recreational_vehicle_for_trip-0,                         unpacking_recreational_vehicle_for_trip-0,",,0,0,3,BUY,1,,,3d van safari model (turbosquid.com),,
recycling_bin.n.01,Not Ready,FALSE,TRUE,a bin for depositing things to be recycled,"bin.n.01,",,"bringing_glass_to_recycling-0,                         bringing_paper_to_recycling-0,                         clean_a_company_office-0,                         clean_up_broken_glass-0,                         clean_your_house_after_a_wild_party-0,                         cleaning_garage-0,                         cleaning_parks-0,                         dispose_of_glass-0,                         dispose_of_paper-0,                         picking_up_litter-0,                       ...",,0,0,14,NONE,,,,,,renamed object
refried_beans__can.n.01,Not Ready,TRUE,TRUE,,"container.n.01,",,"make_burrito_bowls-0,",,0,0,1,GENERATE,,refried_beans_can,REFRIED BEANS,mason_jar.n.01,kijnrj,
ribbon.n.01,Not Ready,FALSE,TRUE,any long object resembling a thin line,"object.n.01,",,"make_a_candy_centerpiece-0,                         put_together_a_goodie_bag-0,                         putting_away_Christmas_decorations-0,",,0,0,3,BUY,1,,,3D model realistic curling ribbon - TurboSquid 1213357,,
rosemary__shaker.n.01,Not Ready,TRUE,TRUE,,"container.n.01,",,"cook_a_turkey-0,                         cook_potatoes-0,                         make_a_red_meat_sauce-0,                         make_mustard_herb_and_spice_seasoning-0,                         make_soup-0,                         saute_vegetables-0,",,0,0,6,NONE,,,,,,changed bottle_of to _shaker
router.n.02,Not Ready,FALSE,TRUE,(computer science) a device that forwards data packets between computer networks,"device.n.01,",,"set_up_a_home_office_in_your_garage-0,",,0,0,1,BUY,1,,,3D wifi router wifirouter - TurboSquid 1211888,,
rubbing_alcohol__atomizer.n.01,Not Ready,TRUE,TRUE,,"dispenser.n.01,",,"clean_a_flat_panel_monitor-0,",,0,0,1,GENERATE,,rubbing_alcohol_atomizer,RUBBING ALCOHOL,atomizer.n.01,asztxi,
rum__bottle.n.01,Not Ready,TRUE,TRUE,,"vessel.n.03,",,"make_a_mojito-0,                         make_eggnog-0,",,0,0,2,NONE,,,,,,
sack__of__white_rice.n.01,Not Ready,TRUE,TRUE,,"grocery.n.02,",,"buying_groceries-0,",,0,0,1,REPLACE,,,,sack__of__brown_rice.n.01,,
saddle_soap__bottle.n.01,Not Ready,TRUE,TRUE,,"vessel.n.03,",,"clean_a_purse-0,                         clean_dog_collars-0,                         clean_leather_sandals-0,",,0,0,3,GENERATE,,saddle_soap_bottle,SADDLE SOAP,cleansing__bottle.n.01,ovjhuf,
saffron__shaker.n.01,Not Ready,TRUE,TRUE,,"container.n.01,",,"cook_seafood_paella-0,",,0,0,1,GENERATE,,saffron_shaker,SAFFRON,shaker.n.03,nbjgci,
sage__shaker.n.01,Not Ready,TRUE,TRUE,,"container.n.01,",,"make_mustard_herb_and_spice_seasoning-0,",,0,0,1,GENERATE,,sage_shaker,SAGE,shaker.n.03,nbjgci,
salad.n.01,Not Ready,FALSE,TRUE,food mixtures either arranged on a plate or tossed and served with a moist dressing; usually consisting of or including greens,"dish.n.02,",,"prepare_a_slow_dinner_party-0,                         preparing_food_for_company-0,                         serving_food_at_a_homeless_shelter-0,                         serving_hors_d_oeuvres-0,",,0,0,4,BUY,1,,,3d model 32 salad (turbosquid.com),,need to change bddl
salsa__bottle.n.01,Not Ready,TRUE,TRUE,,"vessel.n.03,",,"make_chicken_fajitas-0,                         make_nachos-0,                         make_tacos-0,",,0,0,3,GENERATE,,salsa_bottle,SALSA,squeeze_bottle.n.01,uzmhdn,
salt__bottle.n.01,Not Ready,TRUE,TRUE,,"vessel.n.03,",,"filling_salt-0,",,0,0,1,GENERATE,,salt_bottle,SALT,cleansing__bottle.n.01,ovjhuf,
sanitary_napkin.n.01,Not Ready,FALSE,TRUE,a disposable absorbent pad (trade name Kotex); worn to absorb menstrual flow,"pad.n.04,",,"sorting_household_items-0,",,0,0,1,BUY,1,,,3d model sanitary napkin (turbosquid.com),,
scallop.n.02,Not Ready,FALSE,TRUE,edible muscle of mollusks having fan-shaped shells; served broiled or poached or in salads or cream sauces,"shellfish.n.01,",,"clean_scallops-0,                         make_seafood_stew-0,",,0,0,2,BUY,1,,,3D seashell real model - TurboSquid 1624767,,
scarf.n.01,Not Ready,FALSE,TRUE,a garment worn around the head or neck or shoulders for warmth or decoration,"garment.n.01,",,"tidying_up_wardrobe-0,",,0,0,1,BUY,1,,,3D Football Fan Scarf Unfolded model - TurboSquid 1852365,,
schnitzel.n.01,Not Ready,FALSE,TRUE,deep-fried breaded veal cutlets,"dish.n.02,",,"make_a_wiener_schnitzle-0,",,0,0,1,BUY,1,,,3D Chicken Schnitzel - TurboSquid 1973390,,
sealant__atomizer.n.01,Not Ready,TRUE,TRUE,,"dispenser.n.01,",,"laying_paving_stones-0,                         spray_stucco-0,",,0,0,2,GENERATE,,sealant_atomizer,SEALANT,atomizer.n.01,buxqkr,
sesame_oil__bottle.n.01,Not Ready,TRUE,TRUE,,"vessel.n.03,",,"make_fried_rice-0,",,0,0,1,GENERATE,,sesame_oil_bottle,SESAME OIL,oil__bottle.n.01,yoxfyu,
sesame_seed__shaker.n.01,Not Ready,TRUE,TRUE,,"vessel.n.03,",,"make_bagels-0,",,0,0,1,GENERATE,,sesame_seed_shaker,SESAME SEED,shaker.n.03,nbjgci,
shampoo__bottle.n.01,Not Ready,TRUE,TRUE,,"vessel.n.03,",,"clean_tweed-0,                         shampooing_carpet-0,",,0,0,2,GENERATE,,shampoo_bottle,SHAMPOO,cleansing__bottle.n.01,ovjhuf,
shortening__carton.n.01,Not Ready,TRUE,TRUE,,"box.n.01,",,"make_biscuits-0,",,0,0,1,GENERATE,,shortening_carton,SHORTENING,jug.n.01,quzmfw,
silk.n.01,Not Ready,FALSE,TRUE,a fabric made from the fine threads produced by certain insect larvae,"fabric.n.01,",,"washing_fabrics-0,",,0,0,1,REPLACE,,,,garment.n.01,,
skateboard_wheel.n.01,Not Ready,TRUE,TRUE,,"wheel.n.01,",,"clean_skateboard_bearings-0,",,0,0,1,BUY,1,,,3d 8 wheels collections model (turbosquid.com),,
sleeping_bag.n.01,Not Ready,FALSE,TRUE,large padded bag designed to be slept in outdoors; usually rolls up like a bedroll,"bag.n.01,",,"clean_synthetic_hiking_gear-0,                         packing_hiking_equipment_into_car-0,                         unpacking_recreational_vehicle_for_trip-0,",,0,0,3,BUY,1,,,White single 3D model - TurboSquid 1531223,,
soap__bottle.n.01,Not Ready,TRUE,TRUE,,"vessel.n.03,",,"mopping_floors-0,",,0,0,1,GENERATE,,soap_bottle,SOAP,cleansing__bottle.n.01,ovjhuf,
soda__can.n.01,Not Ready,TRUE,TRUE,,"container.n.01,",,"make_watermelon_punch-0,",,0,0,1,GENERATE,,soda_can,SODA,water_bottle.n.01,kijnrj,
soda_water__bottle.n.01,Not Ready,TRUE,TRUE,,"vessel.n.03,",,"make_a_mojito-0,",,0,0,1,GENERATE,,soda_water_bottle,SODA WATER,water_bottle.n.01,lzdzkk,
sodium_carbonate__jar.n.01,Not Ready,TRUE,TRUE,,"vessel.n.03,",,"adding_chemicals_to_pool-0,                         baking_sugar_cookies-0,                         clean_clear_plastic-0,                         clean_invisalign-0,                         clean_kitchen_appliances-0,                         clean_stainless_steel_sinks-0,                         clean_vans-0,                         clean_vases-0,                         make_cake_mix-0,                         make_lemon_stain_remover-0,",,0,0,10,GENERATE,,sodium_carbonate_jar,SODIUM CARBONATE,mason_jar.n.01,kijnrj,
soil__bag.n.01,Not Ready,TRUE,TRUE,,"container.n.01,",,"make_a_small_vegetable_garden-0,                         planting_trees-0,                         planting_vegetables-0,",,0,0,3,GENERATE,,soil_bag,SOIL,gunnysack.n.01,endfho,
solvent__bottle.n.01,Not Ready,TRUE,TRUE,,"vessel.n.03,",,"stripping_furniture-0,",,0,0,1,GENERATE,,solvent_bottle,SOLVENT,cleansing__bottle.n.01,ovjhuf,
soy_sauce__bottle.n.01,Not Ready,TRUE,TRUE,,"vessel.n.03,",,"cook_beef_and_onions-0,                         cook_bok_choy-0,                         make_beef_and_broccoli-0,                         make_fried_rice-0,",,0,0,4,GENERATE,,soy_sauce_bottle,SOY SAUCE,squeeze_bottle.n.01,uzmhdn,
space_heater.n.01,Not Ready,FALSE,TRUE,heater consisting of a self-contained (usually portable) unit to warm a room,"heater.n.01,",,"de_ice_a_car-0,",,0,0,1,BUY,1,,,3d heater fan model (turbosquid.com),,
spice_cookie.n.01,Not Ready,FALSE,TRUE,cookie flavored with spices,"cookie.n.01,",,"make_cookies-0,",,0,0,1,ACTION,1,,,,,generate from cookie
sponge_cake.n.01,Not Ready,FALSE,TRUE,a light porous cake made with eggs and flour and sugar without shortening,"cake.n.03,",,"cool_cakes-0,",,0,0,1,REPLACE,,,,fruitcake.n.02,,
spray_paint__can.n.01,Not Ready,TRUE,TRUE,,"dispenser.n.01,",,"installing_a_fence-0,                         painting_house_exterior-0,                         painting_porch-0,",,0,0,3,GENERATE,,spray_paint_can,SPRAY PAINT,atomizer.n.01,buxqkr,
sugar__sack.n.01,Not Ready,TRUE,TRUE,,"bag.n.01,",,"baking_cookies_for_the_PTA_bake_sale-0,                         baking_sugar_cookies-0,                         filling_sugar-0,                         make_a_blended_iced_cappuccino-0,                         make_a_cheese_pastry-0,                         make_a_frappe-0,                         make_applesauce-0,                         make_blueberry_mousse-0,                         make_brownies-0,                         make_cake_filling-0,                       ...",,0,0,28,GENERATE,,sugar_sack,SUGAR,gunnysack.n.01,endfho,
sugar_cookie.n.01,Not Ready,FALSE,TRUE,cookies sprinkled with granulated sugar,"cookie.n.01,",,"baking_cookies_for_the_PTA_bake_sale-0,                         baking_sugar_cookies-0,                         ice_cookies-0,                         set_a_table_for_a_tea_party-0,",,0,0,4,ACTION,1,,,,,generate from cookie
sugar_cookie_dough.n.01,Not Ready,TRUE,TRUE,,"dough.n.01,",,"make_cookie_dough-0,",,0,0,1,ACTION,1,,,,,generate from dough
sugar_syrup__bottle.n.01,Not Ready,TRUE,TRUE,,"vessel.n.03,",,"make_an_iced_espresso-0,                         make_cream_soda-0,",,0,0,2,GENERATE,,sugar_syrup_bottle,SUGAR SYRUP,squeeze_bottle.n.01,uzmhdn,
sunflower_seed__bag.n.01,Not Ready,TRUE,TRUE,,"container.n.01,",,"make_homemade_bird_food-0,                         toast_sunflower_seeds-0,",,0,0,2,GENERATE,,sunflower_seed_bag,SUNFLOWER SEED,gunnysack.n.01,endfho,
throw.n.04,Not Ready,FALSE,TRUE,bedclothes consisting of a lightweight cloth covering (an afghan or bedspread) that is casually thrown over something,"bedclothes.n.01,",,"setting_up_room_for_a_movie-0,",,0,0,1,REPLACE,,,,sheet.n.03,,
thyme__shaker.n.01,Not Ready,TRUE,TRUE,,"container.n.01,",,"cook_turkey_drumsticks-0,                         cooking_food_for_adult-0,",,0,0,2,GENERATE,,thyme_shaker,THYME,shaker.n.03,nbjgci,
toaster_oven.n.01,Not Ready,FALSE,TRUE,kitchen appliance consisting of a small electric oven for toasting or warming food,"kitchen_appliance.n.01,",,"clean_a_toaster_oven-0,                         make_chicken_and_waffles-0,                         rearranging_kitchen_furniture-0,",,0,0,3,NONE,,,,,,
tofu.n.02,Not Ready,TRUE,TRUE,,"curd.n.01,",,"cook_tofu-0,",,0,0,1,BUY,1,,,realistic fresh tofu max (turbosquid.com),,
toilet_soap__bottle.n.01,Not Ready,TRUE,TRUE,,"vessel.n.03,",,"clean_fur-0,",,0,0,1,GENERATE,,toilet_soap_bottle,TOILET SOAP,cleansing__bottle.n.01,ovjhuf,
tomato_paste__can.n.01,Not Ready,TRUE,TRUE,,"container.n.01,",,"make_pizza_sauce-0,",,0,0,1,GENERATE,,tomato_paste_can,TOMATO PASTE,water_bottle.n.01,lzdzkk,
tomato_sauce__jar.n.01,Not Ready,TRUE,TRUE,,"vessel.n.03,",,"make_a_red_meat_sauce-0,                         make_pizza-0,                         make_seafood_stew-0,",,0,0,3,GENERATE,,tomato_sauce_jar,TOMATO SAUCE,mason_jar.n.01,kijnrj,
trailer_truck.n.01,Not Ready,FALSE,TRUE,a truck consisting of a tractor and trailer together,"truck.n.01,",,"installing_a_trailer_hitch-0,",,0,0,1,BUY,1,,,3D Flat Nose Truck - TurboSquid 1903201,,
trampoline.n.01,Not Ready,FALSE,TRUE,gymnastic apparatus consisting of a strong canvas sheet attached with springs to a metal frame; used for tumbling,"gymnastic_apparatus.n.01,",,"setup_a_trampoline-0,",,0,0,1,BUY,1,,,https://www.turbosquid.com/3d-models/trampoline-3d-model-3d-1719805,,
turkey_leg.n.01,Not Ready,FALSE,TRUE,the lower joint of the leg of a turkey,"drumstick.n.01,",,"cook_turkey_drumsticks-0,",,0,0,1,BUY,1,,,Chicken food poultry 3D model - TurboSquid 1686042,,
vanilla__bottle.n.01,Not Ready,TRUE,TRUE,,"vessel.n.03,",,"baking_cookies_for_the_PTA_bake_sale-0,                         baking_sugar_cookies-0,                         make_a_cheese_pastry-0,                         make_brownies-0,                         make_chocolate_syrup-0,                         make_cookie_dough-0,                         make_cookies-0,                         make_edible_chocolate_chip_cookie_dough-0,                         make_eggnog-0,                         make_hot_cocoa-0,                       ...",,0,0,12,GENERATE,,vanilla_bottle,VANILLA,squeeze_bottle.n.01,uzmhdn,
veal.n.01,Not Ready,FALSE,TRUE,meat from a calf,"meat.n.01,",,"make_a_wiener_schnitzle-0,",,0,0,1,BUY,1,,,Raw meat cutting board model - TurboSquid 1583904,,
vinegar__atomizer.n.01,Not Ready,TRUE,TRUE,,"dispenser.n.01,",,"clean_mirrors-0,                         clean_out_a_guinea_pigs_hutch-0,                         clean_soot_from_glass_lanterns-0,",,0,0,3,GENERATE,,vinegar_atomizer,VINEGAR,atomizer.n.01,asztxi,
vinegar__bottle.n.01,Not Ready,TRUE,TRUE,,"vessel.n.03,",,"clean_apples-0,                         clean_dentures-0,                         clean_dentures_with_vinegar-0,                         clean_nickel-0,                         clean_raw_denim-0,                         clean_snap_peas-0,                         clean_strawberries-0,                         clean_suede_gloves-0,                         clean_vases-0,                         clean_wine_glasses-0,                       ...",,0,0,19,GENERATE,,vinegar_bottle,VINEGAR,oil__bottle.n.01,yoxfyu,
vodka__bottle.n.01,Not Ready,TRUE,TRUE,,"vessel.n.03,",,"mixing_drinks-0,",,0,0,1,GENERATE,,vodka_bottle,VODKA,wine_bottle.n.01,ovjhuf,
water__atomizer.n.01,Not Ready,TRUE,TRUE,,"dispenser.n.01,",,"clean_out_a_guinea_pigs_hutch-0,                         clean_soot_from_glass_lanterns-0,",,0,0,2,GENERATE,,water_atomizer,WATER,atomizer.n.01,asztxi,
water_bottle.n.01,Not Ready,FALSE,TRUE,a bottle for holding water,"bottle.n.01,",,"bringing_water-0,                         buy_food_for_camping-0,                         carrying_water-0,                         clean_couch_pillows-0,                         cleaning_parks-0,                         emptying_trash_cans-0,                         fill_a_hot_water_bottle-0,                         make_a_car_emergency_kit-0,                         pack_for_the_pool-0,                         packing_hiking_equipment_into_car-0,                       ...",,0,0,23,NONE,,,,,,
wax_paper.n.01,Not Ready,FALSE,TRUE,paper that has been waterproofed by treatment with wax or paraffin,"paper.n.01,",,"cook_a_turkey-0,                         cook_lamb-0,                         freeze_lasagna-0,                         freeze_meat-0,",,0,0,4,BUY,1,,,Kraft Paper Sheet Folded in Four 3D model - TurboSquid 1994212,,
whipped_cream__atomizer.n.01,Not Ready,TRUE,TRUE,,"dispenser.n.01,",,"make_blueberry_mousse-0,                         make_strawberries_and_cream-0,",,0,0,2,GENERATE,,whipped_cream_atomizer,WHIPPED CREAM,atomizer.n.01,buxqkr,
whiskey__bottle.n.01,Not Ready,TRUE,TRUE,,"vessel.n.03,",,"preparing_food_for_adult-0,",,0,0,1,GENERATE,,whiskey_bottle,WHISKEY,wine_bottle.n.01,ovjhuf,
white_rice__sack.n.01,Not Ready,TRUE,TRUE,,"bag.n.01,",,"cook_seafood_paella-0,                         make_curry_rice-0,                         make_red_beans_and_rice-0,                         make_tomato_rice-0,",,0,0,4,GENERATE,,white_rice_sack,WHITE RICE,gunnysack.n.01,endfho,
white_sauce__bottle.n.01,Not Ready,TRUE,TRUE,,"vessel.n.03,",,"cook_snap_peas-0,",,0,0,1,GENERATE,,white_sauce_bottle,WHITE SAUCE,squeeze_bottle.n.01,uzmhdn,
wicker_basket.n.01,Not Ready,FALSE,TRUE,a basket made of wickerwork,"basket.n.01,",,"assembling_gift_baskets-0,                         clean_baby_toys-0,                         clean_cabbage-0,                         clean_pine_cones-0,                         collecting_berries-0,                         hanging_up_bedsheets-0,                         hiding_Easter_eggs-0,                         make_homemade_bird_food-0,                         make_stew-0,                         make_the_ultimate_spa_basket-0,                       ...",,0,0,24,NONE,,,,,,
windshield.n.01,Not Ready,FALSE,TRUE,transparent screen (as of glass) to protect occupants of a vehicle,"screen.n.05,",,"clean_a_glass_windshield-0,",,0,0,1,ACTION,1,,,,,generate from car
wine_bottle.n.01,Not Ready,FALSE,TRUE,a bottle for holding wine,"bottle.n.01,",,"bottling_wine-0,                         clean_up_after_a_dinner_party-0,                         cook_seafood_paella-0,                         loading_shopping_into_car-0,                         make_baked_pears-0,                         make_white_wine_sauce-0,                         pour_a_glass_of_wine-0,                         prepare_a_slow_dinner_party-0,                         prepare_wine_and_cheese-0,                         set_a_dinner_table-0,                       ...",,0,0,12,NONE,,,,,,
wine_sauce__bottle.n.01,Not Ready,TRUE,TRUE,,"vessel.n.03,",,"cook_a_duck-0,",,0,0,1,GENERATE,,wine_sauce_bottle,WINE SAUCE,squeeze_bottle.n.01,uzmhdn,
wool_coat.n.01,Not Ready,TRUE,TRUE,,"coat.n.01,",,"clean_tweed-0,                         wash_a_wool_coat-0,",,0,0,2,NONE,,,,,,
wrapping.n.01,Not Ready,FALSE,FALSE,the covering (usually paper or cellophane) in which something is wrapped,"covering.n.02,","plastic_wrap.n.01,","putting_up_Christmas_decorations_inside-0,",,0,0,1,BUY,1,,,https://www.turbosquid.com/3d-models/gift-box-max/823569,,
writing_paper.n.01,Not Ready,FALSE,FALSE,paper material made into thin sheets that are sized to take ink; used for writing correspondence and manuscripts,"paper.n.01,","notepaper.n.01,","clean_a_company_office-0,                         picking_up_prescriptions-0,                         sorting_art_supplies-0,",,0,0,3,REPLACE,,,,sheet.n.02,,
yeast__shaker.n.01,Not Ready,TRUE,TRUE,,"vessel.n.03,",,"make_dinner_rolls-0,                         make_pizza_dough-0,",,0,0,2,GENERATE,,yeast_shaker,YEAST,shaker.n.03,nbjgci,
yeast__jar.n.01,Not Ready,TRUE,TRUE,,"vessel.n.03,",,"make_bagels-0,",,0,0,1,GENERATE,,yeast_jar,YEAST,mason_jar.n.01,kijnrj,
yogurt__carton.n.01,Not Ready,TRUE,TRUE,,"box.n.01,",,"make_a_tropical_breakfast-0,                         make_popsicles-0,",,0,0,2,GENERATE,,yogurt_carton,YOGURT,jug.n.01,quzmfw,
yogurt__cup.n.01,Not Ready,TRUE,TRUE,,"container.n.01,",,"make_a_chia_breakfast_bowl-0,",,0,0,1,NONE,,,,,,